Date,ticker,indexed_value,sector
2025-09-09,XLB,100.0,Materials
2025-09-09,XLC,100.0,Communication Services
2025-09-09,XLE,100.0,Energy
2025-09-09,XLF,100.0,Financials
2025-09-09,XLI,100.0,Industrials
2025-09-09,XLK,100.0,Technology
2025-09-09,XLP,100.0,Consumer Staples
2025-09-09,XLRE,100.0,Real Estate
2025-09-09,XLU,100.0,Utilities
2025-09-09,XLV,100.0,Healthcare
2025-09-09,XLY,100.0,Consumer Discretionary
2025-09-10,XLB,100.18777434165938,Materials
2025-09-10,XLC,99.26388119870678,Communication Services
2025-09-10,XLE,101.74697185855422,Energy
2025-09-10,XLF,99.66254107118098,Financials
2025-09-10,XLI,100.73876489791283,Industrials
2025-09-10,XLK,101.81275413994474,Technology
2025-09-10,XLP,99.02142514912016,Consumer Staples
2025-09-10,XLRE,99.95223642639142,Real Estate
2025-09-10,XLU,101.718948154219,Utilities
2025-09-10,XLV,99.09084187697161,Healthcare
2025-09-10,XLY,98.80350451275991,Consumer Discretionary
2025-09-11,XLB,102.28629096297048,Materials
2025-09-11,XLC,100.7880760355252,Communication Services
2025-09-11,XLE,101.76979711304097,Energy
2025-09-11,XLF,101.29357924561862,Financials
2025-09-11,XLI,101.69717705999159,Industrials
2025-09-11,XLK,102.15571950002717,Technology
2025-09-11,XLP,99.82657159055005,Consumer Staples
2025-09-11,XLRE,101.57592467131332,Real Estate
2025-09-11,XLU,102.25988604699239,Utilities
2025-09-11,XLV,100.81534987094925,Healthcare
2025-09-11,XLY,100.72552561330114,Consumer Discretionary
2025-09-12,XLB,101.25911340480572,Materials
2025-09-12,XLC,101.62812268597625,Communication Services
2025-09-12,XLE,101.16464491144144,Energy
2025-09-12,XLF,100.86238132198055,Financials
2025-09-12,XLI,100.88519297852923,Industrials
2025-09-12,XLK,102.087887185855,Technology
2025-09-12,XLP,99.49212749047169,Consumer Staples
2025-09-12,XLRE,101.12223196946297,Real Estate
2025-09-12,XLU,102.77678560739257,Utilities
2025-09-12,XLV,99.65364658015487,Healthcare
2025-09-12,XLY,101.24739880584023,Consumer Discretionary
2025-09-15,XLB,100.44180381086245,Materials
2025-09-15,XLC,103.0570804342945,Communication Services
2025-09-15,XLE,100.82210440402551,Energy
2025-09-15,XLF,100.63741354453306,Financials
2025-09-15,XLI,101.35107806452834,Industrials
2025-09-15,XLK,103.00747924391307,Technology
2025-09-15,XLP,98.3525272363509,Consumer Staples
2025-09-15,XLRE,101.00284659214583,Real Estate
2025-09-15,XLU,103.01718778471873,Utilities
2025-09-15,XLV,98.80220282477774,Healthcare
2025-09-15,XLY,102.12566699690973,Consumer Discretionary
2025-09-16,XLB,100.13253599523017,Materials
2025-09-16,XLC,102.6413757280101,Communication Services
2025-09-16,XLE,102.51198168661833,Energy
2025-09-16,XLF,100.41245302973336,Financials
2025-09-16,XLI,101.05158712198205,Industrials
2025-09-16,XLK,102.64943746697699,Technology
2025-09-16,XLP,98.79846241573459,Consumer Staples
2025-09-16,XLRE,100.40591028287832,Real Estate
2025-09-16,XLU,101.14196218968281,Utilities
2025-09-16,XLV,98.80220282477774,Healthcare
2025-09-16,XLY,102.75361378004115,Consumer Discretionary
2025-09-17,XLB,100.3644804219187,Materials
2025-09-17,XLC,102.9098526598277,Communication Services
2025-09-17,XLE,102.75176812631518,Energy
2025-09-17,XLF,101.38732550308542,Financials
2025-09-17,XLI,100.59234710377909,Industrials
2025-09-17,XLK,102.2951647942543,Technology
2025-09-17,XLP,99.3930297047628,Consumer Staples
2025-09-17,XLRE,100.35814670926975,Real Estate
2025-09-17,XLU,101.39438353319557,Utilities
2025-09-17,XLV,98.99704482721538,Healthcare
2025-09-17,XLY,102.49480413607405,Consumer Discretionary
2025-09-18,XLB,100.3644804219187,Materials
2025-09-18,XLC,102.9877885111757,Communication Services
2025-09-18,XLE,102.43205287338604,Energy
2025-09-18,XLF,101.48106449790448,Financials
2025-09-18,XLI,101.66389000211491,Industrials
2025-09-18,XLK,104.06271280697676,Technology
2025-09-18,XLP,98.52593622057576,Consumer Staples
2025-09-18,XLRE,100.42979678102348,Real Estate
2025-09-18,XLU,101.46652681070624,Utilities
2025-09-18,XLV,99.19185322268426,Healthcare
2025-09-18,XLY,102.03233554695133,Consumer Discretionary
2025-09-19,XLB,100.32031033688958,Materials
2025-09-19,XLC,103.41214383603618,Communication Services
2025-09-19,XLE,101.07328999678955,Energy
2025-09-19,XLF,101.70603227535196,Financials
2025-09-19,XLI,101.91014839691339,Industrials
2025-09-19,XLK,105.11796949337922,Technology
2025-09-19,XLP,98.32775036177054,Consumer Staples
2025-09-19,XLRE,99.92834992824628,Real Estate
2025-09-19,XLU,102.11562777236207,Utilities
2025-09-19,XLV,99.06197349082305,Healthcare
2025-09-19,XLY,102.41842958499312,Consumer Discretionary
2025-09-22,XLB,100.28591292607337,Materials
2025-09-22,XLC,103.05148730426386,Communication Services
2025-09-22,XLE,100.95698989059507,Energy
2025-09-22,XLF,101.57060568231013,Financials
2025-09-22,XLI,102.2510012862218,Industrials
2025-09-22,XLK,106.66437745613213,Technology
2025-09-22,XLP,97.23147807217461,Consumer Staples
2025-09-22,XLRE,100.25797417996756,Real Estate
2025-09-22,XLU,103.10554515308506,Utilities
2025-09-22,XLV,99.0366114317465,Healthcare
2025-09-22,XLY,102.08478514682658,Consumer Discretionary
2025-09-23,XLB,99.96409250080673,Materials
2025-09-23,XLC,102.90375106343063,Communication Services
2025-09-23,XLE,102.69584131229135,Energy
2025-09-23,XLF,101.11917402197372,Financials
2025-09-23,XLI,102.27772556816359,Industrials
2025-09-23,XLK,105.74361766946805,Technology
2025-09-23,XLP,97.71786628277242,Consumer Staples
2025-09-23,XLRE,101.05195760923951,Real Estate
2025-09-23,XLU,103.63800835534727,Utilities
2025-09-23,XLV,99.26131882707199,Healthcare
2025-09-23,XLY,101.12420520653131,Consumer Discretionary
2025-09-24,XLB,98.74338338904501,Materials
2025-09-24,XLC,102.05208328036808,Communication Services
2025-09-24,XLE,104.03164419263904,Energy
2025-09-24,XLF,100.83704920654483,Financials
2025-09-24,XLI,101.74977184581468,Industrials
2025-09-24,XLK,105.090788008699,Technology
2025-09-24,XLP,97.92989261444201,Consumer Staples
2025-09-24,XLRE,100.01737542508073,Real Estate
2025-09-24,XLU,104.37621140233315,Utilities
2025-09-24,XLV,98.86263935689705,Healthcare
2025-09-24,XLY,101.83826746033739,Consumer Discretionary
2025-09-25,XLB,97.4561102680261,Materials
2025-09-25,XLC,101.70446623475571,Communication Services
2025-09-25,XLE,104.9644075144223,Energy
2025-09-25,XLF,100.57372012355508,Financials
2025-09-25,XLI,101.06141071291907,Industrials
2025-09-25,XLK,104.9058822305235,Technology
2025-09-25,XLP,96.99449032628648,Consumer Staples
2025-09-25,XLRE,99.7767860928756,Real Estate
2025-09-25,XLU,103.37177675421616,Utilities
2025-09-25,XLV,97.22449007026097,Healthcare
2025-09-25,XLY,100.40164819230259,Consumer Discretionary
2025-09-26,XLB,98.58802446720692,Materials
2025-09-26,XLC,102.69517280764691,Communication Services
2025-09-26,XLE,105.93171862398837,Energy
2025-09-26,XLF,101.30727659932037,Financials
2025-09-26,XLI,101.97030374748908,Industrials
2025-09-26,XLK,105.22286851953979,Technology
2025-09-26,XLP,97.23147807217461,Consumer Staples
2025-09-26,XLRE,100.76323721883895,Real Estate
2025-09-26,XLU,105.05390383931761,Utilities
2025-09-26,XLV,98.217531187267,Healthcare
2025-09-26,XLY,101.88501474023617,Consumer Discretionary
2025-09-29,XLB,98.96533206028307,Materials
2025-09-29,XLC,103.02542171263782,Communication Services
2025-09-29,XLE,103.9855804755953,Energy
2025-09-29,XLF,101.81513177021301,Financials
2025-09-29,XLI,102.28441178189036,Industrials
2025-09-29,XLK,105.78513562416249,Technology
2025-09-29,XLP,97.41854298962566,Consumer Staples
2025-09-29,XLRE,100.95571433821209,Real Estate
2025-09-29,XLU,105.35643803573076,Utilities
2025-09-29,XLV,98.50745850659592,Healthcare
2025-09-29,XLY,102.33129630892222,Consumer Discretionary
2025-09-30,XLB,99.45361398897823,Materials
2025-09-30,XLC,102.86898802080002,Communication Services
2025-09-30,XLE,102.88008719768216,Energy
2025-09-30,XLF,101.32608685705505,Financials
2025-09-30,XLI,103.07300440179165,Industrials
2025-09-30,XLK,106.36249070730825,Technology
2025-09-30,XLP,97.74281798437843,Consumer Staples
2025-09-30,XLRE,101.36474352873776,Real Estate
2025-09-30,XLU,105.53796043893806,Utilities
2025-09-30,XLV,100.87773560725553,Healthcare
2025-09-30,XLY,101.85526350557623,Consumer Discretionary
2025-10-01,XLB,98.41046896223553,Materials
2025-10-01,XLC,101.42636858405764,Communication Services
2025-10-01,XLE,102.88008719768216,Energy
2025-10-01,XLF,100.42323079902997,Financials
2025-10-01,XLI,102.78564122229747,Industrials
2025-10-01,XLK,107.4040121305035,Technology
2025-10-01,XLP,97.59315633780506,Consumer Staples
2025-10-01,XLRE,101.36474352873776,Real Estate
2025-10-01,XLU,106.55449909441475,Utilities
2025-10-01,XLV,103.9946139231431,Healthcare
2025-10-01,XLY,102.49281419603649,Consumer Discretionary
2025-10-02,XLB,99.5534857430068,Materials
2025-10-02,XLC,101.20041549730554,Communication Services
2025-10-02,XLE,101.84368949533462,Energy
2025-10-02,XLF,100.3479970307391,Financials
2025-10-02,XLI,103.05296633357663,Industrials
2025-10-02,XLK,107.98513631786267,Technology
2025-10-02,XLP,97.20652637056861,Consumer Staples
2025-10-02,XLRE,100.83542438345039,Real Estate
2025-10-02,XLU,106.36087268384775,Utilities
2025-10-02,XLV,103.79163903427016,Healthcare
2025-10-02,XLY,101.75325461217537,Consumer Discretionary
2025-10-03,XLB,99.71994724643535,Materials
2025-10-03,XLC,101.14827762370653,Communication Services
2025-10-03,XLE,102.38492020503026,Energy
2025-10-03,XLF,101.04395477897839,Financials
2025-10-03,XLI,103.19330481646034,Industrials
2025-10-03,XLK,107.44174941931514,Technology
2025-10-03,XLP,97.31876532103924,Consumer Staples
2025-10-03,XLRE,101.24444415129435,Real Estate
2025-10-03,XLU,107.5952363378138,Utilities
2025-10-03,XLV,104.97315923429882,Healthcare
2025-10-03,XLY,101.09869482768914,Consumer Discretionary
2025-10-06,XLB,99.63116949394966,Materials
2025-10-06,XLC,101.25256006125147,Communication Services
2025-10-06,XLE,102.8916031269431,Energy
2025-10-06,XLF,101.00632700086128,Financials
2025-10-06,XLI,103.67448590216979,Industrials
2025-10-06,XLK,108.52853477807953,Technology
2025-10-06,XLP,96.60787007166257,Consumer Staples
2025-10-06,XLRE,100.23391807355158,Real Estate
2025-10-06,XLU,108.63596415441583,Utilities
2025-10-06,XLV,104.46576122024662,Healthcare
2025-10-06,XLY,101.96576715939973,Consumer Discretionary
2025-10-07,XLB,99.23166531774018,Materials
2025-10-07,XLC,100.86148252200388,Communication Services
2025-10-07,XLE,103.05282613659617,Energy
2025-10-07,XLF,101.13799154235616,Financials
2025-10-07,XLI,103.08638711572786,Industrials
2025-10-07,XLK,107.8039996439006,Technology
2025-10-07,XLP,97.50585937632789,Consumer Staples
2025-10-07,XLRE,99.92113215405331,Real Estate
2025-10-07,XLU,109.13214361499,Utilities
2025-10-07,XLV,104.54548815242329,Healthcare
2025-10-07,XLY,100.18062131147487,Consumer Discretionary
2025-10-08,XLB,99.7643318326544,Materials
2025-10-08,XLC,100.44435277182411,Communication Services
2025-10-08,XLE,102.45401578059585,Energy
2025-10-08,XLF,100.64893936655042,Financials
2025-10-08,XLI,103.98191800932696,Industrials
2025-10-08,XLK,109.69457538035002,Technology
2025-10-08,XLP,97.0194420278925,Consumer Staples
2025-10-08,XLRE,99.41587853786363,Real Estate
2025-10-08,XLU,109.88245066933557,Utilities
2025-10-08,XLV,104.74845183897332,Healthcare
2025-10-08,XLY,100.47814670686128,Consumer Discretionary
2025-10-09,XLB,98.39937496069265,Materials
2025-10-09,XLC,99.87077594911268,Communication Services
2025-10-09,XLE,101.06063325394348,Energy
2025-10-09,XLF,100.29157352018285,Financials
2025-10-09,XLI,102.44479861947173,Industrials
2025-10-09,XLK,109.50966960217453,Technology
2025-10-09,XLP,97.33124602814851,Consumer Staples
2025-10-09,XLRE,98.95873713450595,Real Estate
2025-10-09,XLU,109.60410563404778,Utilities
2025-10-09,XLV,104.51649654072268,Healthcare
2025-10-09,XLY,99.97661004906671,Consumer Discretionary
2025-10-10,XLB,96.37966607655959,Materials
2025-10-10,XLC,98.02840159315893,Communication Services
2025-10-10,XLE,98.13567704950754,Energy
2025-10-10,XLF,98.10968530003052,Financials
2025-10-10,XLI,100.17923167380822,Industrials
2025-10-10,XLK,105.05307384322609,Technology
2025-10-10,XLP,97.40606228251639,Consumer Staples
2025-10-10,XLRE,97.87604273751518,Real Estate
2025-10-10,XLU,109.15634220291237,Utilities
2025-10-10,XLV,103.00880950673931,Healthcare
2025-10-10,XLY,97.22663035624167,Consumer Discretionary
2025-10-13,XLB,97.91110161204509,Materials
2025-10-13,XLC,98.93220724982051,Communication Services
2025-10-13,XLE,99.47147094707111,Energy
2025-10-13,XLF,99.05014734822937,Financials
2025-10-13,XLI,101.22180783698312,Industrials
2025-10-13,XLK,107.61155565729825,Technology
2025-10-13,XLP,97.08179700037617,Consumer Staples
2025-10-13,XLRE,98.42941798921856,Real Estate
2025-10-13,XLU,109.99134902838475,Utilities
2025-10-13,XLV,102.89282065529109,Healthcare
2025-10-13,XLY,99.39856835231986,Consumer Discretionary
2025-10-14,XLB,98.88765688938783,Materials
2025-10-14,XLC,99.58398753775697,Communication Services
2025-10-14,XLE,99.45997298337844,Energy
2025-10-14,XLF,100.14109872095331,Financials
2025-10-14,XLI,102.41138812380316,Industrials
2025-10-14,XLK,106.23042175813681,Technology
2025-10-14,XLP,98.64079757643121,Consumer Staples
2025-10-14,XLRE,99.36776632503164,Real Estate
2025-10-14,XLU,110.97157566178235,Utilities
2025-10-14,XLV,103.17551127401778,Healthcare
2025-10-14,XLY,99.60683351933291,Consumer Discretionary
2025-10-15,XLB,98.4437595469117,Materials
2025-10-15,XLC,100.28791907998631,Communication Services
2025-10-15,XLE,99.40239333707378,Energy
2025-10-15,XLF,100.14109872095331,Financials
2025-10-15,XLI,101.98368646142528,Industrials
2025-10-15,XLK,107.28325049397232,Technology
2025-10-15,XLP,98.8154109246106,Consumer Staples
2025-10-15,XLRE,100.81135885435266,Real Estate
2025-10-15,XLU,112.42377374103476,Utilities
2025-10-15,XLV,103.33498754301691,Healthcare
2025-10-15,XLY,99.7513488368148,Consumer Discretionary
2025-10-16,XLB,97.71134094389275,Materials
2025-10-16,XLC,99.21899566117621,Communication Services
2025-10-16,XLE,98.20477262507315,Energy
2025-10-16,XLF,97.357304041235,Financials
2025-10-16,XLI,101.3153633967447,Industrials
2025-10-16,XLK,107.36249417580905,Technology
2025-10-16,XLP,98.12944795161486,Consumer Staples
2025-10-16,XLRE,100.49858235753612,Real Estate
2025-10-16,XLU,111.20150466763141,Utilities
2025-10-16,XLV,103.1610378728133,Healthcare
2025-10-16,XLY,98.78651499191464,Consumer Discretionary
2025-10-17,XLB,97.52269143737848,Materials
2025-10-17,XLC,99.88816416077493,Communication Services
2025-10-17,XLE,99.010851742202,Energy
2025-10-17,XLF,98.14729855285206,Financials
2025-10-17,XLI,101.40224302926217,Industrials
2025-10-17,XLK,107.55118061986735,Technology
2025-10-17,XLP,99.43900921251011,Consumer Staples
2025-10-17,XLRE,101.14821030294866,Real Estate
2025-10-17,XLU,110.81426127329443,Utilities
2025-10-17,XLV,103.84963345999427,Healthcare
2025-10-17,XLY,99.63657822959928,Consumer Discretionary
2025-10-20,XLB,98.6879048012831,Materials
2025-10-20,XLC,101.01792290418861,Communication Services
2025-10-20,XLE,100.0587743565946,Energy
2025-10-20,XLF,99.29466617348447,Financials
2025-10-20,XLI,102.5985301027743,Industrials
2025-10-20,XLK,108.75117784506669,Technology
2025-10-20,XLP,99.35170253842043,Consumer Staples
2025-10-20,XLRE,102.2068391708417,Real Estate
2025-10-20,XLU,110.77794925121538,Utilities
2025-10-20,XLV,104.95140432320045,Healthcare
2025-10-20,XLY,100.42714552235763,Consumer Discretionary
2025-10-21,XLB,98.31059720820696,Materials
2025-10-21,XLC,101.37423071045863,Communication Services
2025-10-21,XLE,99.8284737369442,Energy
2025-10-21,XLF,99.18181915237201,Financials
2025-10-21,XLI,103.50741285086164,Industrials
2025-10-21,XLK,108.80778377828418,Technology
2025-10-21,XLP,98.89023689159102,Consumer Staples
2025-10-21,XLRE,101.89406267402515,Real Estate
2025-10-21,XLU,109.65250280989251,Utilities
2025-10-21,XLV,105.1978554273014,Healthcare
2025-10-21,XLY,101.6554930989858,Consumer Discretionary
2025-10-22,XLB,98.01097336607366,Materials
2025-10-22,XLC,100.49649064542312,Communication Services
2025-10-22,XLE,101.10669697098722,Energy
2025-10-22,XLF,98.61753320827538,Financials
2025-10-22,XLI,102.16411136722168,Industrials
2025-10-22,XLK,107.73230573216006,Technology
2025-10-22,XLP,99.45147049439431,Consumer Staples
2025-10-22,XLRE,102.35119465470113,Real Estate
2025-10-22,XLU,109.3983752161211,Utilities
2025-10-22,XLV,105.79948738170346,Healthcare
2025-10-22,XLY,100.86068495040972,Consumer Discretionary
2025-10-23,XLB,99.18727215147354,Materials
2025-10-23,XLC,100.15756436046841,Communication Services
2025-10-23,XLE,102.45401578059585,Energy
2025-10-23,XLF,98.82443878070892,Financials
2025-10-23,XLI,103.44057128655919,Industrials
2025-10-23,XLK,109.09079032103288,Technology
2025-10-23,XLP,98.96506285857144,Consumer Staples
2025-10-23,XLRE,102.25496080635541,Real Estate
2025-10-23,XLU,109.3136660181973,Utilities
2025-10-23,XLV,105.85745940278176,Healthcare
2025-10-23,XLY,101.3154612795184,Consumer Discretionary
2025-10-24,XLB,98.77668255376881,Materials
2025-10-24,XLC,100.41828048985116,Communication Services
2025-10-24,XLE,101.41761807824832,Energy
2025-10-24,XLF,99.89657263305044,Financials
2025-10-24,XLI,103.52745091907664,Industrials
2025-10-24,XLK,110.78514140499718,Technology
2025-10-24,XLP,98.64079757643121,Consumer Staples
2025-10-24,XLRE,102.61585893868568,Real Estate
2025-10-24,XLU,110.59642684800808,Utilities
2025-10-24,XLV,105.85022270217952,Healthcare
2025-10-24,XLY,101.01369502831423,Consumer Discretionary
2025-10-27,XLB,98.73228938750215,Materials
2025-10-27,XLC,101.81744612330523,Communication Services
2025-10-27,XLE,101.65943462715967,Energy
2025-10-27,XLF,100.31038377791752,Financials
2025-10-27,XLI,104.11557027848389,Industrials
2025-10-27,XLK,112.8304238392373,Technology
2025-10-27,XLP,98.80293021750133,Consumer Staples
2025-10-27,XLRE,102.83240158715653,Real Estate
2025-10-27,XLU,110.89897047121823,Utilities
2025-10-27,XLV,106.09666260395755,Healthcare
2025-10-27,XLY,102.46731686598145,Consumer Discretionary
2025-10-28,XLB,98.86545172620691,Materials
2025-10-28,XLC,101.31339538585506,Communication Services
2025-10-28,XLE,100.60000506629025,Energy
2025-10-28,XLF,99.67086406553,Financials
2025-10-28,XLI,103.37375029522204,Industrials
2025-10-28,XLK,113.94740827838649,Technology
2025-10-28,XLP,97.81765366397138,Consumer Staples
2025-10-28,XLRE,100.54669457036812,Real Estate
2025-10-28,XLU,109.07162357819156,Utilities
2025-10-28,XLV,105.42981072555204,Healthcare
2025-10-28,XLY,102.49281419603649,Consumer Discretionary
2025-10-29,XLB,96.92343517306428,Materials
2025-10-29,XLC,101.06137670747688,Communication Services
2025-10-29,XLE,101.34851351989857,Energy
2025-10-29,XLF,97.97802075853562,Financials
2025-10-29,XLI,103.64107540650123,Industrials
2025-10-29,XLK,114.76628663459461,Technology
2025-10-29,XLP,95.51033514243692,Consumer Staples
2025-10-29,XLRE,97.80386499558547,Real Estate
2025-10-29,XLU,109.0353304097065,Utilities
2025-10-29,XLV,104.3642681746487,Healthcare
2025-10-29,XLY,101.6469983385632,Consumer Discretionary
2025-10-30,XLB,95.62505947045491,Materials
2025-10-30,XLC,99.34935038069412,Communication Services
2025-10-30,XLE,100.74970316389826,Energy
2025-10-30,XLF,98.24134984152539,Financials
2025-10-30,XLI,103.38043650894883,Industrials
2025-10-30,XLK,113.3549652167177,Technology
2025-10-30,XLP,95.41055747385049,Consumer Staples
2025-10-30,XLRE,98.35724024728886,Real Estate
2025-10-30,XLU,108.57546297121141,Utilities
2025-10-30,XLV,104.59623467522225,Healthcare
2025-10-30,XLY,99.35180802363396,Consumer Discretionary
2025-10-31,XLB,95.07018779235976,Materials
2025-10-31,XLC,99.7751842722254,Communication Services
2025-10-31,XLE,101.48670467102978,Energy
2025-10-31,XLF,98.50467166186739,Financials
2025-10-31,XLI,103.62770297904767,Industrials
2025-10-31,XLK,113.46439641726988,Technology
2025-10-31,XLP,95.13617616969722,Consumer Staples
2025-10-31,XLRE,98.40537130548428,Real Estate
2025-10-31,XLU,107.82517477045985,Utilities
2025-10-31,XLV,104.55998395827359,Healthcare
2025-10-31,XLY,101.97851582442728,Consumer Discretionary
2025-11-03,XLB,94.48204268968362,Materials
2025-11-03,XLC,98.71494492372604,Communication Services
2025-11-03,XLE,101.49821161750658,Energy
2025-11-03,XLF,98.09087504229585,Financials
2025-11-03,XLI,103.18661860273357,Industrials
2025-11-03,XLK,113.92855119565004,Technology
2025-11-03,XLP,94.38786793683033,Consumer Staples
2025-11-03,XLRE,98.23694086984544,Real Estate
2025-11-03,XLU,107.88566652686727,Utilities
2025-11-03,XLV,104.70495321909952,Healthcare
2025-11-03,XLY,102.93484838451121,Consumer Discretionary
2025-11-04,XLB,94.01596592416936,Materials
2025-11-04,XLC,98.03709235381659,Communication Services
2025-11-04,XLE,100.4042432516385,Energy
2025-11-04,XLF,98.59871568789295,Financials
2025-11-04,XLI,101.99036238866941,Industrials
2025-11-04,XLK,110.92100258172077,Technology
2025-11-04,XLP,94.7744784788417,Consumer Staples
2025-11-04,XLRE,98.50159573114827,Real Estate
2025-11-04,XLU,107.4984231325303,Utilities
2025-11-04,XLV,105.17612292084885,Healthcare
2025-11-04,XLY,101.22621409993218,Consumer Discretionary
2025-11-05,XLB,94.57082044216932,Materials
2025-11-05,XLC,98.56720868289281,Communication Services
2025-11-05,XLE,100.66909165907173,Energy
2025-11-05,XLF,98.93729306446915,Financials
2025-11-05,XLI,102.38465355537872,Industrials
2025-11-05,XLK,111.35495827971609,Technology
2025-11-05,XLP,94.71213321897056,Consumer Staples
2025-11-05,XLRE,98.47753020205057,Real Estate
2025-11-05,XLU,107.52262172045266,Utilities
2025-11-05,XLV,105.58203909162604,Healthcare
2025-11-05,XLY,102.4588090567717,Consumer Discretionary
2025-11-06,XLB,94.10474367665506,Materials
2025-11-06,XLC,97.68077785719963,Communication Services
2025-11-06,XLE,101.6479097151146,Energy
2025-11-06,XLF,98.57991995545382,Financials
2025-11-06,XLI,101.97697967473319,Industrials
2025-11-06,XLK,109.1172087355349,Technology
2025-11-06,XLP,94.28807084301883,Consumer Staples
2025-11-06,XLRE,97.9963326922769,Real Estate
2025-11-06,XLU,107.05065970139489,Utilities
2025-11-06,XLV,105.78499157585317,Healthcare
2025-11-06,XLY,100.09137413188867,Consumer Discretionary
2025-11-07,XLB,95.2366492957883,Materials
2025-11-07,XLC,97.42875917882147,Communication Services
2025-11-07,XLE,103.11040578290086,Energy
2025-11-07,XLF,99.27586317839757,Financials
2025-11-07,XLI,102.47154347437883,Industrials
2025-11-07,XLK,108.73985897075707,Technology
2025-11-07,XLP,95.67246778350703,Consumer Staples
2025-11-07,XLRE,99.29558858310192,Real Estate
2025-11-07,XLU,108.53916037592934,Utilities
2025-11-07,XLV,105.92997203900201,Healthcare
2025-11-07,XLY,100.24863811439806,Consumer Discretionary
2025-11-10,XLB,96.1355294022358,Materials
2025-11-10,XLC,98.44554472403256,Communication Services
2025-11-10,XLE,104.04316012189997,Energy
2025-11-10,XLF,99.63324355006067,Financials
2025-11-10,XLI,103.05296633357663,Industrials
2025-11-10,XLK,111.52099541348576,Technology
2025-11-10,XLP,95.3232507997608,Consumer Staples
2025-11-10,XLRE,99.22340141849051,Real Estate
2025-11-10,XLU,108.5028577806473,Utilities
2025-11-10,XLV,106.75627778176082,Healthcare
2025-11-10,XLY,101.56623939500604,Consumer Discretionary
2025-11-11,XLB,97.13428126271188,Materials
2025-11-11,XLC,99.24506125280224,Communication Services
2025-11-11,XLE,105.40200384355367,Energy
2025-11-11,XLF,100.08466068510154,Financials
2025-11-11,XLI,103.07969061551843,Industrials
2025-11-11,XLK,110.57004810810622,Technology
2025-11-11,XLP,96.57045708817236,Consumer Staples
2025-11-11,XLRE,100.3301707672607,Real Estate
2025-11-11,XLU,108.56335896385173,Utilities
2025-11-11,XLV,109.22078882277029,Healthcare
2025-11-11,XLY,101.8170109861001,Consumer Discretionary
2025-11-12,XLB,97.82231527951178,Materials
2025-11-12,XLC,98.67149781078469,Communication Services
2025-11-12,XLE,103.92800981207478,Energy
2025-11-12,XLF,100.94989622765729,Financials
2025-11-12,XLI,103.17993238900681,Industrials
2025-11-12,XLK,110.91345281162457,Technology
2025-11-12,XLP,96.43326643609572,Consumer Staples
2025-11-12,XLRE,99.53616849262534,Real Estate
2025-11-12,XLU,108.81748655762313,Utilities
2025-11-12,XLV,110.77198567895039,Healthcare
2025-11-12,XLY,101.1327064913475,Consumer Discretionary
2025-11-13,XLB,97.17866584893093,Materials
2025-11-13,XLC,97.27233217733058,Communication Services
2025-11-13,XLE,104.19286720229212,Energy
2025-11-13,XLF,99.65205380779534,Financials
2025-11-13,XLI,101.58268850802388,Industrials
2025-11-13,XLK,108.14740434741891,Technology
2025-11-13,XLP,96.43326643609572,Consumer Staples
2025-11-13,XLRE,98.23694086984544,Real Estate
2025-11-13,XLU,107.316891302526,Utilities
2025-11-13,XLV,110.71399125322627,Healthcare
2025-11-13,XLY,98.60800105956152,Consumer Discretionary
2025-11-14,XLB,96.29088832407389,Materials
2025-11-14,XLC,96.75090660891202,Communication Services
2025-11-14,XLE,105.96625742898705,Energy
2025-11-14,XLF,98.65515372374472,Financials
2025-11-14,XLI,101.58936443526798,Industrials
2025-11-14,XLK,108.73607830487428,Technology
2025-11-14,XLP,96.35844046911531,Consumer Staples
2025-11-14,XLRE,98.5256706829277,Real Estate
2025-11-14,XLU,107.4137139346065,Utilities
2025-11-14,XLV,110.05437607542301,Healthcare
2025-11-14,XLY,98.1362091120333,Consumer Discretionary
2025-11-17,XLB,94.82605111803596,Materials
2025-11-17,XLC,96.62053850870026,Communication Services
2025-11-17,XLE,104.03164419263904,Energy
2025-11-17,XLF,96.77422236469924,Financials
2025-11-17,XLI,100.5936020546632,Industrials
2025-11-17,XLK,107.03420057415249,Technology
2025-11-17,XLP,95.74729375048744,Consumer Staples
2025-11-17,XLRE,97.87604273751518,Real Estate
2025-11-17,XLU,108.38183656064442,Utilities
2025-11-17,XLV,109.96015333739604,Healthcare
2025-11-17,XLY,97.21388169121416,Consumer Discretionary
2025-11-18,XLB,94.90372628893121,Materials
2025-11-18,XLC,97.16804973978564,Communication Services
2025-11-18,XLE,104.86076415107391,Energy
2025-11-18,XLF,96.62374030282191,Financials
2025-11-18,XLI,100.14583146462232,Industrials
2025-11-18,XLK,105.29457399294971,Technology
2025-11-18,XLP,96.15886570671736,Consumer Staples
2025-11-18,XLRE,98.23694086984544,Real Estate
2025-11-18,XLU,107.97037572479107,Utilities
2025-11-18,XLV,110.60525030470319,Healthcare
2025-11-18,XLY,95.42024108286665,Consumer Discretionary
2025-11-19,XLB,95.1478715433026,Materials
2025-11-19,XLC,96.62923595970484,Communication Services
2025-11-19,XLE,103.50192941220433,Energy
2025-11-19,XLF,96.981120674485,Financials
2025-11-19,XLI,100.47998785372127,Industrials
2025-11-19,XLK,106.0266473355555,Technology
2025-11-19,XLP,95.42303818095976,Consumer Staples
2025-11-19,XLRE,97.4670135469895,Real Estate
2025-11-19,XLU,107.06276370875459,Utilities
2025-11-19,XLV,110.41679362632635,Healthcare
2025-11-19,XLY,95.42448846307798,Consumer Discretionary
2025-11-20,XLB,93.72742750353133,Materials
2025-11-20,XLC,95.56899661120546,Communication Services
2025-11-20,XLE,102.32734055872558,Energy
2025-11-20,XLF,96.13470265231172,Financials
2025-11-20,XLI,98.79585405373822,Industrials
2025-11-20,XLK,102.69833176672714,Technology
2025-11-20,XLP,96.10898172873043,Consumer Staples
2025-11-20,XLRE,97.13018094375695,Real Estate
2025-11-20,XLU,106.51818707233566,Utilities
2025-11-20,XLV,109.75717844852309,Healthcare
2025-11-20,XLY,94.0006309088578,Consumer Discretionary
2025-11-21,XLB,95.82481155855965,Materials
2025-11-21,XLC,97.24625989535762,Communication Services
2025-11-21,XLE,102.97220564898551,Energy
2025-11-21,XLF,97.18802624691854,Financials
2025-11-21,XLI,99.99879648152918,Industrials
2025-11-21,XLK,103.09456173758016,Technology
2025-11-21,XLP,97.15664239258166,Consumer Staples
2025-11-21,XLRE,98.40537130548428,Real Estate
2025-11-21,XLU,106.67551088762062,Utilities
2025-11-21,XLV,112.06944992113566,Healthcare
2025-11-21,XLY,95.84527270170898,Consumer Discretionary
2025-11-24,XLB,96.01345248502632,Materials
2025-11-24,XLC,98.21090087662277,Communication Services
2025-11-24,XLE,102.68432538303041,Energy
2025-11-24,XLF,97.60183012913787,Financials
2025-11-24,XLI,100.24607323811068,Industrials
2025-11-24,XLK,105.55116212119636,Technology
2025-11-24,XLP,96.03415576175,Consumer Staples
2025-11-24,XLRE,98.54971736666198,Real Estate
2025-11-24,XLU,107.88566652686727,Utilities
2025-11-24,XLV,112.540619622885,Healthcare
2025-11-24,XLY,97.12462798723436,Consumer Discretionary
2025-11-25,XLB,97.44500768643563,Materials
2025-11-25,XLC,99.33197554972574,Communication Services
2025-11-25,XLE,102.03946029277049,Energy
2025-11-25,XLF,98.82443878070892,Financials
2025-11-25,XLI,101.52921937117496,Industrials
2025-11-25,XLK,105.8341917872838,Technology
2025-11-25,XLP,97.35617830452945,Consumer Staples
2025-11-25,XLRE,99.34371021861564,Real Estate
2025-11-25,XLU,107.47421511781093,Utilities
2025-11-25,XLV,115.08484639374821,Healthcare
2025-11-25,XLY,99.2030388015472,Consumer Discretionary
2025-11-26,XLB,98.64351163501645,Materials
2025-11-26,XLC,99.47101433955437,Communication Services
2025-11-26,XLE,102.81099162211656,Energy
2025-11-26,XLF,99.59562303459134,Financials
2025-11-26,XLI,102.11733873058219,Industrials
2025-11-26,XLK,107.08702584148719,Technology
2025-11-26,XLP,98.41630025026488,Consumer Staples
2025-11-26,XLRE,99.7767860928756,Real Estate
2025-11-26,XLU,108.90221460914096,Utilities
2025-11-26,XLV,114.83114738672211,Healthcare
2025-11-26,XLY,99.88310244048203,Consumer Discretionary
2025-11-28,XLB,99.20947731465446,Materials
2025-11-28,XLC,100.27923500967557,Communication Services
2025-11-28,XLE,104.15831043172518,Energy
2025-11-28,XLF,100.31038377791752,Financials
2025-11-28,XLI,102.71212373075092,Industrials
2025-11-28,XLK,108.00778562815128,Technology
2025-11-28,XLP,98.99001456017746,Consumer Staples
2025-11-28,XLRE,100.25797417996756,Real Estate
2025-11-28,XLU,109.6767013978149,Utilities
2025-11-28,XLV,114.27300284987095,Healthcare
2025-11-28,XLY,100.5036505613099,Consumer Discretionary
2025-12-01,XLB,98.96533206028307,Materials
2025-12-01,XLC,99.8099406245091,Communication Services
2025-12-01,XLE,105.16016932907407,Energy
2025-12-01,XLF,99.48276875083111,Financials
2025-12-01,XLI,101.20844569601222,Industrials
2025-12-01,XLK,108.05684179127255,Technology
2025-12-01,XLP,98.89023689159102,Consumer Staples
2025-12-01,XLRE,98.86250328616025,Real Estate
2025-12-01,XLU,107.11117973819333,Utilities
2025-12-01,XLV,112.56235212933754,Healthcare
2025-12-01,XLY,100.5631595550233,Consumer Discretionary
2025-12-02,XLB,98.06646053388317,Materials
2025-12-02,XLC,100.14018283915308,Communication Services
2025-12-02,XLE,103.80133459020449,Energy
2025-12-02,XLF,99.3887174621578,Financials
2025-12-02,XLI,102.0905938756751,Industrials
2025-12-02,XLK,109.17004556453898,Technology
2025-12-02,XLP,98.2416869020855,Consumer Staples
2025-12-02,XLRE,98.6219045312734,Real Estate
2025-12-02,XLU,106.34876867648806,Utilities
2025-12-02,XLV,111.88825234800687,Healthcare
2025-12-02,XLY,100.49515580088726,Consumer Discretionary
2025-12-03,XLB,98.75448597063547,Materials
2025-12-03,XLC,100.05328192292346,Communication Services
2025-12-03,XLE,105.74747273859757,Energy
2025-12-03,XLF,100.72418766013685,Financials
2025-12-03,XLI,103.05965254730343,Industrials
2025-12-03,XLK,109.43042592033778,Technology
2025-12-03,XLP,98.316532294291,Consumer Staples
2025-12-03,XLRE,98.81439107332825,Real Estate
2025-12-03,XLU,106.00992245799586,Utilities
2025-12-03,XLV,112.41013496558648,Healthcare
2025-12-03,XLY,101.57898806003357,Consumer Discretionary
2025-12-04,XLB,98.1774348695022,Materials
2025-12-04,XLC,100.62685205528797,Communication Services
2025-12-04,XLE,106.19657601420573,Energy
2025-12-04,XLF,100.93108596992262,Financials
2025-12-04,XLI,103.59428219689644,Industrials
2025-12-04,XLK,109.83797476550043,Technology
2025-12-04,XLP,97.84258594035232,Consumer Staples
2025-12-04,XLRE,98.64596063768941,Real Estate
2025-12-04,XLU,105.79208803270947,Utilities
2025-12-04,XLV,111.55480400415829,Healthcare
2025-12-04,XLY,101.21771281511597,Consumer Discretionary
2025-12-05,XLB,97.85560586418796,Materials
2025-12-05,XLC,101.79137384133227,Communication Services
2025-12-05,XLE,105.75897070229023,Energy
2025-12-05,XLF,100.96870648539196,Financials
2025-12-05,XLI,103.30691901740225,Industrials
2025-12-05,XLK,110.6417651431855,Technology
2025-12-05,XLP,97.8550666474616,Consumer Staples
2025-12-05,XLRE,98.6219045312734,Real Estate
2025-12-05,XLU,104.79976681874919,Utilities
2025-12-05,XLV,111.09091581230284,Healthcare
2025-12-05,XLY,101.77875846662398,Consumer Discretionary
2025-12-08,XLB,96.50173441372148,Materials
2025-12-08,XLC,101.03530442550392,Communication Services
2025-12-08,XLE,104.60742269011749,Energy
2025-12-08,XLF,100.59251585599418,Financials
2025-12-08,XLI,103.17993238900681,Industrials
2025-12-08,XLK,111.41911398302977,Technology
2025-12-08,XLP,97.04438401688597,Consumer Staples
2025-12-08,XLRE,98.02040764405632,Real Estate
2025-12-08,XLU,103.39598476893555,Utilities
2025-12-08,XLV,109.76441514912531,Healthcare
2025-12-08,XLY,100.29963277450815,Consumer Discretionary
2025-12-09,XLB,96.30199090566435,Materials
2025-12-09,XLC,101.14827762370653,Communication Services
2025-12-09,XLE,105.25230574594566,Energy
2025-12-09,XLF,100.2163324892442,Financials
2025-12-09,XLI,102.42475026477406,Industrials
2025-12-09,XLK,111.71345096175746,Technology
2025-12-09,XLP,97.26887163043976,Consumer Staples
2025-12-09,XLRE,97.44296686325522,Real Estate
2025-12-09,XLU,103.46859938629666,Utilities
2025-12-09,XLV,108.6988950028678,Healthcare
2025-12-09,XLY,100.29114453847907,Consumer Discretionary
2025-12-10,XLB,98.18852887104505,Materials
2025-12-10,XLC,101.73922927738633,Communication Services
2025-12-10,XLE,106.35779004107468,Energy
2025-12-10,XLF,101.36370737252437,Financials
2025-12-10,XLI,104.29600547076294,Industrials
2025-12-10,XLK,112.24931121354751,Technology
2025-12-10,XLP,97.55574335431484,Consumer Staples
2025-12-10,XLRE,97.63544398262835,Real Estate
2025-12-10,XLU,103.4201833568579,Utilities
2025-12-10,XLV,110.27908347074849,Healthcare
2025-12-10,XLY,101.761749372598,Consumer Discretionary
2025-12-11,XLB,100.14163942573056,Materials
2025-12-11,XLC,101.51327619063422,Communication Services
2025-12-11,XLE,105.85110711916184,Energy
2025-12-11,XLF,103.20701821610052,Financials
2025-12-11,XLI,105.41208883900173,Industrials
2025-12-11,XLK,111.67571367294582,Technology
2025-12-11,XLP,98.27910959818826,Consumer Staples
2025-12-11,XLRE,98.16475370523402,Real Estate
2025-12-11,XLU,104.17049041120347,Utilities
2025-12-11,XLV,111.32285990823057,Healthcare
2025-12-11,XLY,102.16129018577884,Consumer Discretionary
2025-12-12,XLB,100.20822917513053,Materials
2025-12-12,XLC,101.28732979422901,Communication Services
2025-12-12,XLE,104.81470043403016,Energy
2025-12-12,XLF,103.35750027797785,Financials
2025-12-12,XLI,104.75046227453058,Industrials
2025-12-12,XLK,108.4455219920294,Technology
2025-12-12,XLP,99.05236953266113,Consumer Staples
2025-12-12,XLRE,98.04446375047232,Real Estate
2025-12-12,XLU,103.66222579686364,Utilities
2025-12-12,XLV,111.67079285560655,Healthcare
2025-12-12,XLY,102.60331784986,Consumer Discretionary
2025-12-15,XLB,100.14163942573056,Materials
2025-12-15,XLC,101.30469793485047,Communication Services
2025-12-15,XLE,104.07770790968279,Energy
2025-12-15,XLF,103.4327413089165,Financials
2025-12-15,XLI,104.91753532583874,Industrials
2025-12-15,XLK,107.3964623604073,Technology
2025-12-15,XLP,99.32675083681441,Consumer Staples
2025-12-15,XLRE,98.42941798921856,Real Estate
2025-12-15,XLU,104.60614040818218,Utilities
2025-12-15,XLV,113.1494882778893,Healthcare
2025-12-15,XLY,103.47889799078038,Consumer Discretionary
2025-12-16,XLB,99.87531474832103,Materials
2025-12-16,XLC,101.37423071045863,Communication Services
2025-12-16,XLE,100.89941024429041,Energy
2025-12-16,XLF,102.77440407614652,Financials
2025-12-16,XLI,104.29600547076294,Industrials
2025-12-16,XLK,107.59267545122304,Technology
2025-12-16,XLP,98.87775618448174,Consumer Staples
2025-12-16,XLRE,97.56326624069864,Real Estate
2025-12-16,XLU,104.17049041120347,Utilities
2025-12-16,XLV,111.6780519608546,Healthcare
2025-12-16,XLY,103.64891063831732,Consumer Discretionary
2025-12-17,XLB,100.29699834756862,Materials
2025-12-17,XLC,100.64422688625633,Communication Services
2025-12-17,XLE,103.13342865863856,Energy
2025-12-17,XLF,102.75560108105965,Financials
2025-12-17,XLI,102.60519574353577,Industrials
2025-12-17,XLK,105.20023077092056,Technology
2025-12-17,XLP,99.33923154392369,Consumer Staples
2025-12-17,XLRE,97.9963326922769,Real Estate
2025-12-17,XLU,103.49278854742201,Utilities
2025-12-17,XLV,111.47507707198166,Healthcare
2025-12-17,XLY,102.45031429634905,Consumer Discretionary
2025-12-18,XLB,100.25261376134958,Materials
2025-12-18,XLC,101.21780370896775,Communication Services
2025-12-18,XLE,101.63641175142193,Energy
2025-12-18,XLF,102.58631602409542,Financials
2025-12-18,XLI,103.27349823525103,Industrials
2025-12-18,XLK,106.8228648198056,Technology
2025-12-18,XLP,98.76552694662367,Consumer Staples
2025-12-18,XLRE,97.39483580505978,Real Estate
2025-12-18,XLU,104.50932720289869,Utilities
2025-12-18,XLV,111.56207431172929,Healthcare
2025-12-18,XLY,103.9974306938138,Consumer Discretionary
2025-12-19,XLB,100.69650252377811,Materials
2025-12-19,XLC,101.26125082190912,Communication Services
2025-12-19,XLE,101.63641175142193,Energy
2025-12-19,XLF,103.15059470554431,Financials
2025-12-19,XLI,104.16235320160601,Industrials
2025-12-19,XLK,109.13231983739668,Technology
2025-12-19,XLP,98.25416760919478,Consumer Staples
2025-12-19,XLRE,97.03394709541125,Real Estate
2025-12-19,XLU,103.17815977044617,Utilities
2025-12-19,XLV,112.30866432463435,Healthcare
2025-12-19,XLY,103.58090035978769,Consumer Discretionary
2025-12-22,XLB,101.88557700004985,Materials
2025-12-22,XLC,101.71113651064154,Communication Services
2025-12-22,XLE,102.68861017106275,Energy
2025-12-22,XLF,104.41712058820475,Financials
2025-12-22,XLI,105.31711374463355,Industrials
2025-12-22,XLK,109.72113253488445,Technology
2025-12-22,XLP,97.91095301999604,Consumer Staples
2025-12-22,XLRE,97.75388709177409,Real Estate
2025-12-22,XLU,103.56099142378288,Utilities
2025-12-22,XLV,113.04898103670777,Healthcare
2025-12-22,XLY,104.20352976216303,Consumer Discretionary
2025-12-23,XLB,102.06405057011413,Materials
2025-12-23,XLC,102.34758921376917,Communication Services
2025-12-23,XLE,103.36220220498606,Energy
2025-12-23,XLF,104.62474516276792,Financials
2025-12-23,XLI,105.27688331096365,Industrials
2025-12-23,XLK,110.31824651097723,Technology
2025-12-23,XLP,97.44578686779026,Consumer Staples
2025-12-23,XLRE,97.72957657295181,Real Estate
2025-12-23,XLU,103.92675114773611,Utilities
2025-12-23,XLV,112.82332144393462,Healthcare
2025-12-23,XLY,104.05874042015138,Consumer Discretionary
2025-12-24,XLB,102.2648322639305,Materials
2025-12-24,XLC,102.95788935076071,Communication Services
2025-12-24,XLE,103.06024591629159,Energy
2025-12-24,XLF,105.19099928441132,Financials
2025-12-24,XLI,105.6188882863296,Industrials
2025-12-24,XLK,110.58281219108666,Technology
2025-12-24,XLP,98.21268504105181,Consumer Staples
2025-12-24,XLRE,98.36197043350931,Real Estate
2025-12-24,XLU,104.39006879393654,Utilities
2025-12-24,XLV,113.41294450817321,Healthcare
2025-12-24,XLY,104.41647291936273,Consumer Discretionary
2025-12-26,XLB,102.8671773453796,Materials
2025-12-26,XLC,102.85327239586944,Communication Services
2025-12-26,XLE,102.66538069128993,Energy
2025-12-26,XLF,104.98336744720037,Financials
2025-12-26,XLI,105.42442233170696,Industrials
2025-12-26,XLK,110.75665345167857,Technology
2025-12-26,XLP,98.3509829309576,Consumer Staples
2025-12-26,XLRE,98.5565582335864,Real Estate
2025-12-26,XLU,104.31690742234888,Utilities
2025-12-26,XLV,113.59493744622885,Healthcare
2025-12-26,XLY,103.95653579494353,Consumer Discretionary
2025-12-29,XLB,102.04174244636204,Materials
2025-12-29,XLC,102.7835188388127,Communication Services
2025-12-29,XLE,103.64093799669183,Energy
2025-12-29,XLF,104.41712058820475,Financials
2025-12-29,XLI,105.19641215714124,Industrials
2025-12-29,XLK,110.25779054186076,Technology
2025-12-29,XLP,98.4138235340681,Consumer Staples
2025-12-29,XLRE,98.82411528085716,Real Estate
2025-12-29,XLU,104.51198555965526,Utilities
2025-12-29,XLV,113.42022601806711,Healthcare
2025-12-29,XLY,102.93442429892946,Consumer Discretionary
2025-12-30,XLB,102.01942574256238,Materials
2025-12-30,XLC,103.13225986270874,Communication Services
2025-12-30,XLE,104.43066844669518,Energy
2025-12-30,XLF,104.1528618862999,Financials
2025-12-30,XLI,104.89463761544519,Industrials
2025-12-30,XLK,109.91009645900753,Technology
2025-12-30,XLP,98.25039911553066,Consumer Staples
2025-12-30,XLRE,99.04302302243823,Real Estate
2025-12-30,XLU,104.75582851788975,Utilities
2025-12-30,XLV,113.32558879409234,Healthcare
2025-12-30,XLY,102.51706536692046,Consumer Discretionary
2025-12-31,XLB,101.17168271979271,Materials
2025-12-31,XLC,102.63530758334767,Communication Services
2025-12-31,XLE,103.84998534907908,Energy
2025-12-31,XLF,103.37898319009334,Financials
2025-12-31,XLI,104.02286849678279,Industrials
2025-12-31,XLK,108.8216462198544,Technology
2025-12-31,XLP,97.65950319404119,Consumer Staples
2025-12-31,XLRE,98.14306269192825,Real Estate
2025-12-31,XLU,104.09745158797693,Utilities
2025-12-31,XLV,112.68500636291941,Healthcare
2025-12-31,XLY,101.70790355249967,Consumer Discretionary
2026-01-02,XLB,102.8894768890841,Materials
2026-01-02,XLC,101.92038380111792,Communication Services
2026-01-02,XLE,106.03337679204299,Energy
2026-01-02,XLF,103.68098587247967,Financials
2026-01-02,XLI,105.94077290161925,Industrials
2026-01-02,XLK,109.0710776747633,Technology
2026-01-02,XLP,97.67208102727584,Consumer Staples
2026-01-02,XLRE,98.21604136180365,Real Estate
2026-01-02,XLU,105.29228868208382,Utilities
2026-01-02,XLV,113.20183673286492,Healthcare
2026-01-02,XLY,100.80503839768724,Consumer Discretionary
2026-01-05,XLB,103.9157020619656,Materials
2026-01-05,XLC,102.66146014948376,Communication Services
2026-01-05,XLE,108.91357178313474,Energy
2026-01-05,XLF,105.94600235905325,Financials
2026-01-05,XLI,107.19478771580012,Industrials
2026-01-05,XLK,109.31294779790663,Technology
2026-01-05,XLP,97.24462894954891,Consumer Staples
2026-01-05,XLRE,98.33765049200532,Real Estate
2026-01-05,XLU,104.12183871183952,Utilities
2026-01-05,XLV,112.85969538643532,Healthcare
2026-01-05,XLY,102.46595979211976,Consumer Discretionary
2026-01-06,XLB,105.96814382768108,Materials
2026-01-06,XLC,102.295284081497,Communication Services
2026-01-06,XLE,106.01012934670186,Energy
2026-01-06,XLF,106.45563687865052,Financials
2026-01-06,XLI,108.64998555777834,Industrials
2026-01-06,XLK,110.84735474785734,Technology
2026-01-06,XLP,97.39549496007679,Consumer Staples
2026-01-06,XLRE,98.99437371674853,Real Estate
2026-01-06,XLU,104.633902325374,Utilities
2026-01-06,XLV,115.0799285739891,Healthcare
2026-01-06,XLY,103.12181140653203,Consumer Discretionary
2026-01-07,XLB,104.13880045958166,Materials
2026-01-07,XLC,102.08603010067367,Communication Services
2026-01-07,XLE,104.82554265448098,Energy
2026-01-07,XLF,104.96449908828352,Financials
2026-01-07,XLI,106.60466249227485,Industrials
2026-01-07,XLK,110.75665345167857,Technology
2026-01-07,XLP,96.32688419098454,Consumer Staples
2026-01-07,XLRE,97.63227796157243,Real Estate
2026-01-07,XLU,102.097914820782,Utilities
2026-01-07,XLV,116.22278955764267,Healthcare
2026-01-07,XLY,102.97701554012681,Consumer Discretionary
2026-01-08,XLB,105.96814382768108,Materials
2026-01-08,XLC,102.42606029287127,Communication Services
2026-01-08,XLE,108.12383235034726,Energy
2026-01-08,XLF,105.51187758836227,Financials
2026-01-08,XLI,107.40938431698166,Industrials
2026-01-08,XLK,109.0257328075086,Technology
2026-01-08,XLP,98.614991164922,Consumer Staples
2026-01-08,XLRE,98.36197043350931,Real Estate
2026-01-08,XLU,102.39054145353856,Utilities
2026-01-08,XLV,115.10176190134787,Healthcare
2026-01-08,XLY,104.69755031856982,Consumer Discretionary
2026-01-09,XLB,107.66362987322036,Materials
2026-01-09,XLC,102.80096057325035,Communication Services
2026-01-09,XLE,108.40255915926889,Energy
2026-01-09,XLF,105.19099928441132,Financials
2026-01-09,XLI,108.58962447754953,Industrials
2026-01-09,XLK,110.4694268996112,Technology
2026-01-09,XLP,99.63331973891331,Consumer Staples
2026-01-09,XLRE,98.50791835057842,Real Estate
2026-01-09,XLU,103.65852106563906,Utilities
2026-01-09,XLV,114.51212763478635,Healthcare
2026-01-09,XLY,105.96666883059054,Consumer Discretionary
2026-01-12,XLB,108.24366683091738,Materials
2026-01-12,XLC,102.48708963753575,Communication Services
2026-01-12,XLE,107.63606717182253,Energy
2026-01-12,XLF,104.36049372351086,Financials
2026-01-12,XLI,109.4211734490247,Industrials
2026-01-12,XLK,110.95317870756722,Technology
2026-01-12,XLP,100.80251432343252,Consumer Staples
2026-01-12,XLRE,98.79977649398974,Real Estate
2026-01-12,XLU,103.82923093267694,Utilities
2026-01-12,XLV,114.56308700172069,Healthcare
2026-01-12,XLY,106.06035259780147,Consumer Discretionary
2026-01-13,XLB,108.71215458980636,Materials
2026-01-13,XLC,101.91165958872563,Communication Services
2026-01-13,XLE,109.16907809506769,Energy
2026-01-13,XLF,102.35972867619434,Financials
2026-01-13,XLI,109.98446123929897,Industrials
2026-01-13,XLK,110.7188583545201,Technology
2026-01-13,XLP,101.97170890795174,Consumer Staples
2026-01-13,XLRE,99.55378890743063,Real Estate
2026-01-13,XLU,104.48760786258973,Utilities
2026-01-13,XLV,114.09720479638659,Healthcare
2026-01-13,XLY,105.79631691458819,Consumer Discretionary
2026-01-14,XLB,108.75677083731054,Materials
2026-01-14,XLC,101.6936947762039,Communication Services
2026-01-14,XLE,111.63118736416908,Energy
2026-01-14,XLF,102.20873096632505,Financials
2026-01-14,XLI,110.15882740681064,Industrials
2026-01-14,XLK,109.37342689036184,Technology
2026-01-14,XLP,103.37978519780367,Consumer Staples
2026-01-14,XLRE,100.67264755683998,Real Estate
2026-01-14,XLU,105.26790155822125,Utilities
2026-01-14,XLV,114.91249865572124,Healthcare
2026-01-14,XLY,104.12688118655231,Consumer Discretionary
2026-01-15,XLB,109.22525859619954,Materials
2026-01-15,XLC,101.31880118617175,Communication Services
2026-01-15,XLE,110.5859506022328,Energy
2026-01-15,XLF,102.6239801154514,Financials
2026-01-15,XLI,111.1714184730416,Industrials
2026-01-15,XLK,109.94789155616603,Technology
2026-01-15,XLP,103.55578744957576,Consumer Staples
2026-01-15,XLRE,101.42666939296257,Real Estate
2026-01-15,XLU,106.3408218866094,Utilities
2026-01-15,XLV,114.25736440708346,Healthcare
2026-01-15,XLY,104.5101697353608,Consumer Discretionary
2026-01-16,XLB,108.60060539099834,Materials
2026-01-16,XLC,100.41205846720939,Communication Services
2026-01-16,XLE,110.77176847484722,Energy
2026-01-16,XLF,102.75610220375606,Financials
2026-01-16,XLI,111.9224860042117,Industrials
2026-01-16,XLK,110.06881505606832,Technology
2026-01-16,XLP,103.22891918727576,Consumer Staples
2026-01-16,XLRE,102.66713717257359,Real Estate
2026-01-16,XLU,105.80437114921233,Utilities
2026-01-16,XLV,113.36926665113279,Healthcare
2026-01-16,XLY,104.16947242774968,Consumer Discretionary
2026-01-20,XLB,107.50746442690817,Materials
2026-01-20,XLC,98.92989908013082,Communication Services
2026-01-20,XLE,110.56272112245995,Energy
2026-01-20,XLF,100.41559775621948,Financials
2026-01-20,XLI,109.66258691049195,Industrials
2026-01-20,XLK,107.21164907558673,Technology
2026-01-20,XLP,103.54321932895365,Consumer Staples
2026-01-20,XLRE,100.69697692102568,Real Estate
2026-01-20,XLU,104.75582851788975,Utilities
2026-01-20,XLV,113.12176252867793,Healthcare
2026-01-20,XLY,101.46089001209948,Consumer Discretionary
2026-01-21,XLB,109.84992896149592,Materials
2026-01-21,XLC,99.9412520636375,Communication Services
2026-01-21,XLE,113.23387774394863,Energy
2026-01-21,XLF,100.9063421289566,Financials
2026-01-21,XLI,111.56037095525215,Industrials
2026-01-21,XLK,108.70071115828273,Technology
2026-01-21,XLP,103.64379343176806,Consumer Staples
2026-01-21,XLRE,101.06182315699412,Real Estate
2026-01-21,XLU,104.90214183426805,Utilities
2026-01-21,XLV,115.20366943289359,Healthcare
2026-01-21,XLY,103.40288880573911,Consumer Discretionary
2026-01-22,XLB,110.47457358664951,Materials
2026-01-22,XLC,101.35367127435319,Communication Services
2026-01-22,XLE,113.60552247196158,Energy
2026-01-22,XLF,101.56697435842315,Financials
2026-01-22,XLI,110.98365930511108,Industrials
2026-01-22,XLK,109.50948461546466,Technology
2026-01-22,XLP,103.43006739290462,Consumer Staples
2026-01-22,XLRE,100.06457363778647,Real Estate
2026-01-22,XLU,104.14621640890505,Utilities
2026-01-22,XLV,115.22550276025237,Healthcare
2026-01-22,XLY,104.44202896895986,Consumer Discretionary
2026-01-23,XLB,111.47849063577895,Materials
2026-01-23,XLC,101.97268893339012,Communication Services
2026-01-23,XLE,114.25588502611205,Energy
2026-01-23,XLF,100.17021467587928,Financials
2026-01-23,XLI,110.12529347335018,Industrials
2026-01-23,XLK,109.66821477419482,Technology
2026-01-23,XLP,104.23468935325752,Consumer Staples
2026-01-23,XLRE,100.33213068505722,Real Estate
2026-01-23,XLU,103.78045668495182,Utilities
2026-01-23,XLV,114.63587969601376,Healthcare
2026-01-23,XLY,104.87642309256908,Consumer Discretionary
2026-01-26,XLB,111.61233079824386,Materials
2026-01-26,XLC,102.67889519357449,Communication Services
2026-01-26,XLE,114.32557346543058,Energy
2026-01-26,XLF,100.8119712837812,Financials
2026-01-26,XLI,110.23259177394095,Industrials
2026-01-26,XLK,110.41652070059091,Technology
2026-01-26,XLP,104.071245509495,Consumer Staples
2026-01-26,XLRE,100.25916143786353,Real Estate
2026-01-26,XLU,104.53637268351783,Utilities
2026-01-26,XLV,115.08721008388298,Healthcare
2026-01-26,XLY,104.18650109495636,Consumer Discretionary
2026-01-27,XLB,111.50079017948345,Materials
2026-01-27,XLC,101.92038380111792,Communication Services
2026-01-27,XLE,115.3708012445827,Energy
2026-01-27,XLF,100.03809258757464,Financials
2026-01-27,XLI,110.68860183658975,Industrials
2026-01-27,XLK,111.9055827832869,Technology
2026-01-27,XLP,104.54898949493541,Consumer Staples
2026-01-27,XLRE,100.33213068505722,Real Estate
2026-01-27,XLU,105.90191021786552,Utilities
2026-01-27,XLV,113.1581588758245,Healthcare
2026-01-27,XLY,104.5016488773639,Consumer Discretionary
2026-01-28,XLB,111.43386580822718,Materials
2026-01-28,XLC,101.78960089939673,Communication Services
2026-01-28,XLE,116.2534496136774,Energy
2026-01-28,XLF,100.01921696601002,Financials
2026-01-28,XLI,110.07164946629612,Industrials
2026-01-28,XLK,112.79748464321267,Technology
2026-01-28,XLP,103.49293713385272,Consumer Staples
2026-01-28,XLRE,99.35921053003527,Real Estate
2026-01-28,XLU,105.65806725963105,Utilities
2026-01-28,XLV,112.32830199670202,Healthcare
2026-01-28,XLY,103.71803658814667,Consumer Discretionary
2026-01-29,XLB,111.5454064269876,Materials
2026-01-29,XLC,104.44005542818621,Communication Services
2026-01-29,XLE,117.32191585538652,Energy
2026-01-29,XLF,101.07622272303827,Financials
2026-01-29,XLI,111.22507276657831,Industrials
2026-01-29,XLK,111.01365780002243,Technology
2026-01-29,XLP,103.25405542851998,Consumer Staples
2026-01-29,XLRE,100.62399825115027,Real Estate
2026-01-29,XLU,105.65806725963105,Utilities
2026-01-29,XLV,111.97162003513048,Healthcare
2026-01-29,XLY,103.22401603173988,Consumer Discretionary
2026-01-30,XLB,109.91684475270458,Materials
2026-01-30,XLC,104.69289701923637,Communication Services
2026-01-30,XLE,118.57619098692591,Energy
2026-01-30,XLF,100.86859088582733,Financials
2026-01-30,XLI,110.9434288714412,Industrials
2026-01-30,XLK,108.75362891897235,Technology
2026-01-30,XLP,104.98900969328444,Consumer Staples
2026-01-30,XLRE,100.76994616821938,Real Estate
2026-01-30,XLU,105.46298912232466,Utilities
2026-01-30,XLV,112.6413397082019,Healthcare
2026-01-30,XLY,103.2069873645332,Consumer Discretionary
2026-02-02,XLB,110.76459635552183,Materials
2026-02-02,XLC,104.33543178294802,Communication Services
2026-02-02,XLE,116.2534496136774,Energy
2026-02-02,XLF,101.98222350754949,Financials
2026-02-02,XLI,112.34496213340005,Industrials
2026-02-02,XLK,109.79669960586268,Technology
2026-02-02,XLP,106.23364213937386,Consumer Staples
2026-02-02,XLRE,99.62675815462431,Real Estate
2026-02-02,XLU,103.92675114773611,Utilities
2026-02-02,XLV,113.33287030398624,Healthcare
2026-02-02,XLY,103.88839502854259,Consumer Discretionary
2026-02-03,XLB,113.10705231006199,Materials
2026-02-03,XLC,102.6527426274384,Communication Services
2026-02-03,XLE,120.01629297386387,Energy
2026-02-03,XLF,101.03846421726124,Financials
2026-02-03,XLI,113.29050590567542,Industrials
2026-02-03,XLK,107.39307479128297,Technology
2026-02-03,XLP,107.95599914567859,Consumer Staples
2026-02-03,XLRE,99.2619307640193,Real Estate
2026-02-03,XLU,105.4386019984621,Utilities
2026-02-03,XLV,112.17545750286779,Healthcare
2026-02-03,XLY,103.05366411573753,Consumer Discretionary
2026-02-04,XLB,115.76183057717896,Materials
2026-02-04,XLC,101.83319519997045,Communication Services
2026-02-04,XLE,122.7106880579095,Energy
2026-02-04,XLF,101.85010141924484,Financials
2026-02-04,XLI,113.59227016088882,Industrials
2026-02-04,XLK,104.39985108569856,Technology
2026-02-04,XLP,109.36406572291801,Consumer Staples
2026-02-04,XLRE,100.84290599273133,Real Estate
2026-02-04,XLU,105.04845515064633,Utilities
2026-02-04,XLV,113.58037442644107,Healthcare
2026-02-04,XLY,102.29560787611743,Consumer Discretionary
2026-02-05,XLB,112.66086409487748,Materials
2026-02-05,XLC,101.31880118617175,Communication Services
2026-02-05,XLE,121.27058607097155,Energy
2026-02-05,XLF,100.58547108765342,Financials
2026-02-05,XLI,112.9082704966396,Industrials
2026-02-05,XLK,102.51775005289463,Technology
2026-02-05,XLP,109.2760597407257,Consumer Staples
2026-02-05,XLRE,100.28348137936753,Real Estate
2026-02-05,XLU,105.09721997157445,Utilities
2026-02-05,XLV,112.71412120017206,Healthcare
2026-02-05,XLY,100.08956687487094,Consumer Discretionary
2026-02-06,XLB,114.9140789743617,Materials
2026-02-06,XLC,100.92645917135503,Communication Services
2026-02-06,XLE,123.68624536331141,Energy
2026-02-06,XLF,102.41635554088823,Financials
2026-02-06,XLI,116.13382343622834,Industrials
2026-02-06,XLK,106.67500263027978,Technology
2026-02-06,XLP,110.55841597390648,Consumer Staples
2026-02-06,XLRE,102.13203250071376,Real Estate
2026-02-06,XLU,105.70683208055915,Utilities
2026-02-06,XLV,114.80330961428163,Healthcare
2026-02-06,XLY,100.498404948883,Consumer Discretionary
2026-02-09,XLB,116.40879190613222,Materials
2026-02-09,XLC,101.90293537633335,Communication Services
2026-02-09,XLE,124.5921142293948,Energy
2026-02-09,XLF,101.81235017611559,Financials
2026-02-09,XLI,116.48254548476902,Industrials
2026-02-09,XLK,108.35301707542948,Technology
2026-02-09,XLP,109.91723785731608,Consumer Staples
2026-02-09,XLRE,102.76441693858955,Real Estate
2026-02-09,XLU,106.02382698358429,Utilities
2026-02-09,XLV,113.79148220174935,Healthcare
2026-02-09,XLY,100.12363725807141,Consumer Discretionary
2026-02-10,XLB,118.03735358041524,Materials
2026-02-10,XLC,102.51324220367182,Communication Services
2026-02-10,XLE,124.45274633354191,Energy
2026-02-10,XLF,101.07622272303827,Financials
2026-02-10,XLI,116.62336743233756,Industrials
2026-02-10,XLK,107.74833020590178,Technology
2026-02-10,XLP,109.56522364115938,Consumer Staples
2026-02-10,XLRE,104.19948194095936,Real Estate
2026-02-10,XLU,107.77952079254476,Utilities
2026-02-10,XLV,113.07081436406654,Healthcare
2026-02-10,XLY,100.78800320608701,Consumer Discretionary
2026-02-11,XLB,119.6212904271465,Materials
2026-02-11,XLC,101.78088337735136,Communication Services
2026-02-11,XLE,127.70458605264665,Energy
2026-02-11,XLF,99.54734095218977,Financials
2026-02-11,XLI,117.24702658932328,Industrials
2026-02-11,XLK,108.0657905233621,Technology
2026-02-11,XLP,111.13672434954877,Consumer Staples
2026-02-11,XLRE,104.10218332957997,Real Estate
2026-02-11,XLU,108.73051492841714,Utilities
2026-02-11,XLV,113.7405116324921,Healthcare
2026-02-11,XLY,100.30251003207064,Consumer Discretionary
2026-02-12,XLB,117.85888859039856,Materials
2026-02-12,XLC,99.9499762760298,Communication Services
2026-02-12,XLE,125.381835696614,Energy
2026-02-12,XLF,97.56545152643788,Financials
2026-02-12,XLI,115.84547275439911,Industrials
2026-02-12,XLK,105.22374720641163,Technology
2026-02-12,XLP,112.15506263615262,Consumer Staples
2026-02-12,XLRE,104.27245118815304,Real Estate
2026-02-12,XLU,110.33988599420232,Utilities
2026-02-12,XLV,113.55852989675938,Healthcare
2026-02-12,XLY,98.91414517884832,Consumer Discretionary
2026-02-13,XLB,118.92972143073666,Materials
2026-02-13,XLC,99.8976644534107,Communication Services
2026-02-13,XLE,126.24125458593586,Energy
2026-02-13,XLF,97.48995630282714,Financials
2026-02-13,XLI,116.79772331336657,Industrials
2026-02-13,XLK,105.48828976318232,Technology
2026-02-13,XLP,112.53222280616609,Consumer Staples
2026-02-13,XLRE,105.80479595653883,Real Estate
2026-02-13,XLU,113.38795596592288,Utilities
2026-02-13,XLV,114.77419477702897,Healthcare
2026-02-13,XLY,98.95673642004567,Consumer Discretionary
2026-02-17,XLB,117.56886582152626,Materials
2026-02-17,XLC,99.74072898555339,Communication Services
2026-02-17,XLE,124.84761155854358,Energy
2026-02-17,XLF,98.528079175643,Financials
2026-02-17,XLI,117.40796889696811,Industrials
2026-02-17,XLK,105.42781067072713,Technology
2026-02-17,XLP,110.88528423620647,Consumer Staples
2026-02-17,XLRE,106.87499587757674,Real Estate
2026-02-17,XLU,113.0953387599633,Utilities
2026-02-17,XLV,114.55580549182677,Healthcare
2026-02-17,XLY,98.83749007884404,Consumer Discretionary
2026-02-18,XLB,118.28275152173579,Materials
2026-02-18,XLC,99.90638197545606,Communication Services
2026-02-18,XLE,127.2400413711106,Energy
2026-02-18,XLF,99.26421389136807,Financials
2026-02-18,XLI,117.38114175019976,Industrials
2026-02-18,XLK,106.50871113978404,Technology
2026-02-18,XLP,110.6841263179651,Consumer Staples
2026-02-18,XLRE,105.43994972057038,Real Estate
2026-02-18,XLU,111.21772818528409,Utilities
2026-02-18,XLV,114.77419477702897,Healthcare
2026-02-18,XLY,99.6722014184684,Consumer Discretionary
2026-02-19,XLB,117.85888859039856,Materials
2026-02-19,XLC,100.38590590107333,Communication Services
2026-02-19,XLE,128.16913971696684,Energy
2026-02-19,XLF,98.43370833046762,Financials
2026-02-19,XLI,118.25291086886216,Industrials
2026-02-19,XLK,105.97960290290393,Technology
2026-02-19,XLP,110.21896987837188,Consumer Staples
2026-02-19,XLRE,105.07510348460191,Real Estate
2026-02-19,XLU,112.43695240325349,Utilities
2026-02-19,XLV,114.47573128763982,Healthcare
2026-02-19,XLY,99.00783547045282,Consumer Discretionary
2026-02-20,XLB,118.14889419917569,Materials
2026-02-20,XLC,101.83319519997045,Communication Services
2026-02-20,XLE,127.4723182032707,Energy
2026-02-20,XLF,99.07546493836954,Financials
2026-02-20,XLI,118.84975316556216,Industrials
2026-02-20,XLK,106.48602714448734,Technology
2026-02-20,XLP,110.4955559455709,Consumer Staples
2026-02-20,XLRE,105.95072502824449,Real Estate
2026-02-20,XLU,112.97341256744755,Utilities
2026-02-20,XLV,114.1554456732148,Healthcare
2026-02-20,XLY,100.03845477567668,Consumer Discretionary
2026-02-23,XLB,118.14889419917569,Materials
2026-02-23,XLC,100.577718147459,Communication Services
2026-02-23,XLE,128.09946026043247,Energy
2026-02-23,XLF,95.75343543211991,Financials
2026-02-23,XLI,117.24030951614854,Industrials
2026-02-23,XLK,104.70218873962773,Technology
2026-02-23,XLP,111.85333061509684,Consumer Staples
2026-02-23,XLRE,106.0723530038096,Real Estate
2026-02-23,XLU,113.82686763466674,Utilities
2026-02-23,XLV,115.407495698308,Healthcare
2026-02-23,XLY,97.9431457820285,Consumer Discretionary
2026-02-24,XLB,119.04126204949709,Materials
2026-02-24,XLC,101.27520688559801,Communication Services
2026-02-24,XLE,127.9833128615683,Energy
2026-02-24,XLF,96.22531870858792,Financials
2026-02-24,XLI,118.68210407122525,Industrials
2026-02-24,XLK,106.0627544289865,Technology
2026-02-24,XLP,112.82137699398722,Consumer Staples
2026-02-24,XLRE,106.36421114722093,Real Estate
2026-02-24,XLU,115.09486610036126,Utilities
2026-02-24,XLV,114.91976896329223,Healthcare
2026-02-24,XLY,99.43371526045868,Consumer Discretionary
2026-02-25,XLB,118.37199259679174,Materials
2026-02-25,XLC,101.57163608687496,Communication Services
2026-02-25,XLE,127.44908872349787,Energy
2026-02-25,XLF,97.90520545195348,Financials
2026-02-25,XLI,117.75668065902613,Industrials
2026-02-25,XLK,108.09601272708565,Technology
2026-02-25,XLP,111.90362252281032,Consumer Staples
2026-02-25,XLRE,105.65885746215145,Real Estate
2026-02-25,XLU,115.48501294817703,Utilities
2026-02-25,XLV,114.8906653283625,Healthcare
2026-02-25,XLY,99.731827851266,Consumer Discretionary
2026-02-26,XLB,118.23813527423161,Materials
2026-02-26,XLC,101.76344833326063,Communication Services
2026-02-26,XLE,127.86718342827237,Energy
2026-02-26,XLF,99.0943332972864,Financials
2026-02-26,XLI,118.49433461681207,Industrials
2026-02-26,XLK,106.58428977243166,Technology
2026-02-26,XLP,111.71504243780359,Consumer Staples
2026-02-26,XLRE,106.12099288681758,Real Estate
2026-02-26,XLU,115.04609185263617,Utilities
2026-02-26,XLV,114.59221304129625,Healthcare
2026-02-26,XLY,99.69775746806555,Consumer Discretionary
2026-02-27,XLB,119.15280266825752,Materials
2026-02-27,XLC,102.9230259529262,Communication Services
2026-02-27,XLE,129.88796851282643,Energy
2026-02-27,XLF,97.07469989105302,Financials
2026-02-27,XLI,118.78939208533336,Industrials
2026-02-27,XLK,104.88360289365461,Technology
2026-02-27,XLP,113.16082308952183,Consumer Staples
2026-02-27,XLRE,106.6317776171734,Real Estate
2026-02-27,XLU,116.38724226312132,Utilities
2026-02-27,XLV,116.6158790686837,Healthcare
2026-02-27,XLY,99.5359264100601,Consumer Discretionary
2026-03-02,XLB,118.79586410817654,Materials
2026-03-02,XLC,102.76609048506889,Communication Services
2026-03-02,XLE,132.48945466056483,Energy
2026-03-02,XLF,96.8293240733606,Financials
2026-03-02,XLI,119.96964253238392,Industrials
2026-03-02,XLK,105.47316709965118,Technology
2026-03-02,XLP,111.52645264018433,Consumer Staples
2026-03-02,XLRE,106.82635599456876,Real Estate
2026-03-02,XLU,115.50940007203958,Utilities
2026-03-02,XLV,115.40021418841411,Healthcare
2026-03-02,XLY,98.30939913923675,Consumer Discretionary
2026-03-03,XLB,115.87337119593937,Materials
2026-03-03,XLC,102.84454818347714,Communication Services
2026-03-03,XLE,131.28162052300286,Energy
2026-03-03,XLF,96.65945074192668,Financials
2026-03-03,XLI,117.64938235843536,Industrials
2026-03-03,XLK,103.9312103796043,Technology
2026-03-03,XLP,110.30696614795164,Consumer Staples
2026-03-03,XLRE,106.29126074539066,Real Estate
2026-03-03,XLU,114.77786177053912,Utilities
2026-03-03,XLV,114.09720479638659,Healthcare
2026-03-03,XLY,97.40654050881788,Consumer Discretionary
2026-03-04,XLB,115.8287463683876,Materials
2026-03-04,XLC,103.56819617809919,Communication Services
2026-03-04,XLE,130.5151105699882,Energy
2026-03-04,XLF,97.20682197935767,Financials
2026-03-04,XLI,118.00480090718548,Industrials
2026-03-04,XLK,105.69992612093276,Technology
2026-03-04,XLP,109.577801474394,Consumer Staples
2026-03-04,XLRE,106.43718039441461,Real Estate
2026-03-04,XLU,115.2655571138051,Utilities
2026-03-04,XLV,114.32287559148264,Healthcare
2026-03-04,XLY,99.13560266965136,Consumer Discretionary
2026-03-05,XLB,113.3970664988867,Materials
2026-03-05,XLC,103.26304945477686,Communication Services
2026-03-05,XLE,131.18871158669563,Energy
2026-03-05,XLF,96.69719472240817,Financials
2026-03-05,XLI,115.38276619154088,Industrials
2026-03-05,XLK,105.95691890760723,Technology
2026-03-05,XLP,107.37770048264885,Consumer Staples
2026-03-05,XLRE,105.41562035638468,Real Estate
2026-03-05,XLU,114.36333722565782,Utilities
2026-03-05,XLV,112.0371424218526,Healthcare
2026-03-05,XLY,99.2718907268468,Consumer Discretionary
2026-03-06,XLB,111.23308411441081,Materials
2026-03-06,XLC,102.40862524878057,Communication Services
2026-03-06,XLE,131.3977589390829,Energy
2026-03-06,XLF,95.45144001238135,Financials
2026-03-06,XLI,113.9611022830231,Industrials
2026-03-06,XLK,103.77246865920478,Technology
2026-03-06,XLP,107.84285692224209,Consumer Staples
2026-03-06,XLRE,104.32109107116104,Real Estate
2026-03-06,XLU,113.97318095104505,Utilities
2026-03-06,XLV,111.15633737811872,Healthcare
2026-03-06,XLY,97.47468127521883,Consumer Discretionary
2026-03-09,XLB,111.52309830323553,Materials
2026-03-09,XLC,102.4958071595811,Communication Services
2026-03-09,XLE,130.81706685868267,Energy
2026-03-09,XLF,94.99843962012575,Financials
2026-03-09,XLI,114.6316986603708,Industrials
2026-03-09,XLK,105.63945859014692,Technology
2026-03-09,XLP,108.08172891496228,Consumer Staples
2026-03-09,XLRE,104.5399988127421,Real Estate
2026-03-09,XLU,114.24141103314207,Utilities
2026-03-09,XLV,112.2919168518784,Healthcare
2026-03-09,XLY,97.6024419500238,Consumer Discretionary
2026-03-10,XLB,111.27770894196259,Materials
2026-03-10,XLC,102.3388716917238,Communication Services
2026-03-10,XLE,129.14468803958462,Energy
2026-03-10,XLF,94.48880510052848,Financials
2026-03-10,XLI,114.01475657655982,Industrials
2026-03-10,XLK,105.63945859014692,Technology
2026-03-10,XLP,107.76742877328441,Consumer Staples
2026-03-10,XLRE,104.39406031835472,Real Estate
2026-03-10,XLU,113.53425985550416,Utilities
2026-03-10,XLV,111.48389330011472,Healthcare
2026-03-10,XLY,97.47468127521883,Consumer Discretionary
2026-03-11,XLB,111.18846786690663,Materials
2026-03-11,XLC,102.00756571191847,Communication Services
2026-03-11,XLE,132.3500777819278,Energy
2026-03-11,XLF,93.69605078275728,Financials
2026-03-11,XLI,113.65933802780972,Industrials
2026-03-11,XLK,106.1458828317303,Technology
2026-03-11,XLP,106.34677465019784,Consumer Staples
2026-03-11,XLRE,103.15359253874372,Real Estate
2026-03-11,XLU,112.58325629283476,Utilities
2026-03-11,XLV,111.26553762188126,Healthcare
2026-03-11,XLY,97.2191534012153,Consumer Discretionary
2026-03-12,XLB,110.83152072677808,Materials
2026-03-12,XLC,100.4992470683569,Communication Services
2026-03-12,XLE,133.58113241647854,Energy
2026-03-12,XLF,92.16716901190878,Financials
2026-03-12,XLI,110.80931371056471,Industrials
2026-03-12,XLK,104.18820316627877,Technology
2026-03-12,XLP,105.91933228508343,Consumer Staples
2026-03-12,XLRE,102.4968693140005,Real Estate
2026-03-12,XLU,113.38795596592288,Utilities
2026-03-12,XLV,109.3073715765701,Healthcare
2026-03-12,XLY,94.98756287476525,Consumer Discretionary
2026-03-13,XLB,109.7383711826403,Materials
2026-03-13,XLC,99.78432328612715,Communication Services
2026-03-13,XLE,134.02245660102588,Energy
2026-03-13,XLF,92.28042274129658,Financials
2026-03-13,XLI,110.4136441551794,Industrials
2026-03-13,XLK,103.40211370439354,Technology
2026-03-13,XLP,106.5353644478171,Consumer Staples
2026-03-13,XLRE,102.76441693858955,Real Estate
2026-03-13,XLU,114.5096316884421,Utilities
2026-03-13,XLV,109.0380229244336,Healthcare
2026-03-13,XLY,94.42540807635106,Consumer Discretionary
2026-03-16,XLB,110.2068675215769,Materials
2026-03-16,XLC,100.5515655813229,Communication Services
2026-03-16,XLE,134.48701924813017,Energy
2026-03-16,XLF,93.05429417485537,Financials
2026-03-16,XLI,111.35918792745478,Industrials
2026-03-16,XLK,104.89871399551637,Technology
2026-03-16,XLP,106.83709646887287,Consumer Staples
2026-03-16,XLRE,103.56708808040185,Real Estate
2026-03-16,XLU,115.24116056314556,Utilities
2026-03-16,XLV,109.92610947806136,Healthcare
2026-03-16,XLY,95.56675286477966,Consumer Discretionary
2026-03-17,XLB,110.47457358664951,Materials
2026-03-17,XLC,100.58643566950435,Communication Services
2026-03-17,XLE,135.90388277251117,Energy
2026-03-17,XLF,93.54506033553578,Financials
2026-03-17,XLI,111.65425568245875,Industrials
2026-03-17,XLK,105.47316709965118,Technology
2026-03-17,XLP,106.48507254010362,Consumer Staples
2026-03-17,XLRE,103.90760495218461,Real Estate
2026-03-17,XLU,114.92417508691743,Utilities
2026-03-17,XLV,108.92883388299397,Healthcare
2026-03-17,XLY,96.4014707287976,Consumer Discretionary
2026-03-18,XLB,108.15443433590903,Materials
2026-03-18,XLC,99.09555876038041,Communication Services
2026-03-18,XLE,135.71806489989675,Energy
2026-03-18,XLF,92.43142771381362,Financials
2026-03-18,XLI,110.76906270392952,Industrials
2026-03-18,XLK,104.27891602412689,Technology
2026-03-18,XLP,103.8952432577229,Consumer Staples
2026-03-18,XLRE,102.20499232522575,Real Estate
2026-03-18,XLU,113.94879382718248,Utilities
2026-03-18,XLV,107.10899412102093,Healthcare
2026-03-18,XLY,94.17839453595087,Consumer Discretionary
2026-03-19,XLB,106.50355595782632,Materials
2026-03-19,XLC,98.64218740089925,Communication Services
2026-03-19,XLE,137.87821788030368,Energy
2026-03-19,XLF,92.46917895694288,Financials
2026-03-19,XLI,110.01799517275941,Industrials
2026-03-19,XLK,104.63415987707634,Technology
2026-03-19,XLP,103.05291693550369,Consumer Staples
2026-03-19,XLRE,101.96176464214068,Real Estate
2026-03-19,XLU,113.48549503457608,Utilities
2026-03-19,XLV,106.7231749175509,Healthcare
2026-03-19,XLY,93.43736696353744,Consumer Discretionary
2026-03-20,XLB,104.80806991228704,Materials
2026-03-20,XLC,97.8487992299143,Communication Services
2026-03-20,XLE,137.76207946422363,Energy
2026-03-20,XLF,92.63905228837679,Financials
2026-03-20,XLI,108.41526859652053,Industrials
2026-03-20,XLK,102.26075726622015,Technology
2026-03-20,XLP,102.19801278004982,Consumer Staples
2026-03-20,XLRE,98.72681666947777,Real Estate
2026-03-20,XLU,108.87681881799843,Utilities
2026-03-20,XLV,105.79142170920561,Healthcare
2026-03-20,XLY,91.76793123550158,Consumer Discretionary
2026-03-23,XLB,106.55143262341733,Materials
2026-03-23,XLC,98.58087037131693,Communication Services
2026-03-23,XLE,139.41031255956707,Energy
2026-03-23,XLF,93.47571657458961,Financials
2026-03-23,XLI,109.64792867270634,Industrials
2026-03-23,XLK,103.64419193758549,Technology
2026-03-23,XLP,102.63418678383445,Consumer Staples
2026-03-23,XLRE,99.46384941046992,Real Estate
2026-03-23,XLU,109.9572334500088,Utilities
2026-03-23,XLV,105.81700781474046,Healthcare
2026-03-23,XLY,93.98353047332192,Consumer Discretionary
2026-03-24,XLB,108.56818139112944,Materials
2026-03-24,XLC,97.19893907154577,Communication Services
2026-03-24,XLE,142.23919788768035,Energy
2026-03-24,XLF,93.4946866105753,Financials
2026-03-24,XLI,110.28679125105847,Industrials
2026-03-24,XLK,103.03874199787958,Technology
2026-03-24,XLP,102.54568545840277,Consumer Staples
2026-03-24,XLRE,98.6558073400806,Real Estate
2026-03-24,XLU,110.7184378816969,Utilities
2026-03-24,XLV,105.83161564381992,Healthcare
2026-03-24,XLY,93.60799942846313,Consumer Discretionary
2026-03-25,XLB,110.71937950468586,Materials
2026-03-25,XLC,97.47007876144016,Communication Services
2026-03-25,XLE,141.6079596809531,Energy
2026-03-25,XLF,93.60852135178501,Financials
2026-03-25,XLI,111.02652307834103,Industrials
2026-03-25,XLK,103.50039945567661,Technology
2026-03-25,XLP,103.05140176794801,Consumer Staples
2026-03-25,XLRE,98.6068282405309,Real Estate
2026-03-25,XLU,111.11131850064531,Utilities
2026-03-25,XLV,106.89147861700603,Healthcare
2026-03-25,XLY,94.50414445790281,Consumer Discretionary
2026-03-26,XLB,110.00231060681787,Materials
2026-03-26,XLC,95.1697702294013,Communication Services
2026-03-26,XLE,143.82898898944217,Energy
2026-03-26,XLF,93.05832494436993,Financials
2026-03-26,XLI,108.45092154540824,Industrials
2026-03-26,XLK,100.27641639120989,Technology
2026-03-26,XLP,102.5836132103574,Consumer Staples
2026-03-26,XLRE,98.6558073400806,Real Estate
2026-03-26,XLU,111.307763523518,Utilities
2026-03-26,XLV,106.52601403427016,Healthcare
2026-03-26,XLY,92.88255863227832,Consumer Discretionary
2026-03-27,XLB,109.59896256928496,Materials
2026-03-27,XLC,93.62165740232027,Communication Services
2026-03-27,XLE,146.26043103350702,Energy
2026-03-27,XLF,90.70578628947186,Financials
2026-03-27,XLI,107.05888270694139,Industrials
2026-03-27,XLK,98.323870106957,Technology
2026-03-27,XLP,103.39275153553974,Consumer Staples
2026-03-27,XLRE,97.97017532783865,Real Estate
2026-03-27,XLU,111.94618392416255,Utilities
2026-03-27,XLV,104.7132877473473,Healthcare
2026-03-27,XLY,90.19414311713993,Consumer Discretionary
2026-03-30,XLB,110.00231060681787,Materials
2026-03-30,XLC,94.42632549822343,Communication Services
2026-03-30,XLE,144.85767048021785,Energy
2026-03-30,XLF,91.74925447104938,Financials
2026-03-30,XLI,105.31715489056417,Industrials
2026-03-30,XLK,96.49240340514285,Technology
2026-03-30,XLP,103.51918061292606,Consumer Staples
2026-03-30,XLRE,98.45990978724527,Real Estate
2026-03-30,XLU,112.75649254147106,Utilities
2026-03-30,XLV,105.12262062661313,Healthcare
2026-03-30,XLY,90.17707530357187,Consumer Discretionary
2026-03-31,XLB,111.97424578593107,Materials
2026-03-31,XLC,96.96278320573057,Communication Services
2026-03-31,XLE,143.22112398703388,Energy
2026-03-31,XLF,93.66543872238987,Financials
2026-03-31,XLI,108.76025665185686,Industrials
2026-03-31,XLK,100.57913558022815,Technology
2026-03-31,XLP,103.64561940292492,Consumer Staples
2026-03-31,XLRE,99.97807341965138,Real Estate
2026-03-31,XLU,112.68283154964193,Utilities
2026-03-31,XLV,107.16191389446517,Healthcare
2026-03-31,XLY,93.01058028282594,Consumer Discretionary
2026-04-01,XLB,113.07224305696113,Materials
2026-04-01,XLC,97.2951462603503,Communication Services
2026-04-01,XLE,137.8672858320115,Energy
2026-04-01,XLF,93.79824349958527,Financials
2026-04-01,XLI,110.5759442785349,Industrials
2026-04-01,XLK,102.10031598042377,Technology
2026-04-01,XLP,102.98818237294857,Consumer Staples
2026-04-01,XLRE,100.27191032622267,Real Estate
2026-04-01,XLU,113.22304357904562,Utilities
2026-04-01,XLV,107.98055724835103,Healthcare
2026-04-01,XLY,93.71041935865864,Consumer Discretionary
2026-04-02,XLB,112.96020479544009,Materials
2026-04-02,XLC,97.69748365347536,Communication Services
2026-04-02,XLE,138.52190622584192,Energy
2026-04-02,XLF,93.96898834875206,Financials
2026-04-02,XLI,110.13212369783416,Industrials
2026-04-02,XLK,102.91766819627553,Technology
2026-04-02,XLP,103.53182643444848,Consumer Staples
2026-04-02,XLRE,101.88801331236472,Real Estate
2026-04-02,XLU,113.78781241465803,Utilities
2026-04-02,XLV,107.30810420848866,Healthcare
2026-04-02,XLY,92.30220077581563,Consumer Discretionary
2026-04-06,XLB,112.53445425363154,Materials
2026-04-06,XLC,97.74996273476762,Communication Services
2026-04-06,XLE,139.5272145122986,Energy
2026-04-06,XLF,94.63301949737684,Financials
2026-04-06,XLI,110.69700589292017,Industrials
2026-04-06,XLK,103.51553368087711,Technology
2026-04-06,XLP,104.5053313015843,Consumer Staples
2026-04-06,XLRE,102.25530002289712,Real Estate
2026-04-06,XLU,113.37037498950092,Utilities
2026-04-06,XLV,106.92070547748781,Healthcare
2026-04-06,XLY,93.06178372353013,Consumer Discretionary
2026-04-07,XLB,112.22073339329643,Materials
2026-04-07,XLC,97.80244181605988,Communication Services
2026-04-07,XLE,140.64941576870265,Energy
2026-04-07,XLF,94.63301949737684,Financials
2026-04-07,XLI,110.47508531608716,Industrials
2026-04-07,XLK,104.00744802740579,Technology
2026-04-07,XLP,102.73533393078851,Consumer Staples
2026-04-07,XLRE,102.15736066916116,Real Estate
2026-04-07,XLU,113.61592419799405,Utilities
2026-04-07,XLV,107.13268703398337,Healthcare
2026-04-07,XLY,91.9778796960546,Consumer Discretionary
2026-04-08,XLB,115.96292115270882,Materials
2026-04-08,XLC,99.5429757110969,Communication Services
2026-04-08,XLE,135.71639410204764,Energy
2026-04-08,XLF,97.13734022810378,Financials
2026-04-08,XLI,114.61756503320063,Industrials
2026-04-08,XLK,107.23144265354185,Technology
2026-04-08,XLP,104.65703259679032,Consumer Staples
2026-04-08,XLRE,103.92038210858887,Real Estate
2026-04-08,XLU,114.8682270466684,Utilities
2026-04-08,XLV,109.39856968741037,Healthcare
2026-04-08,XLY,94.58094961895911,Consumer Discretionary
2026-04-09,XLB,115.78364963821801,Materials
2026-04-09,XLC,99.94531310422195,Communication Services
2026-04-09,XLE,134.03309221744158,Energy
2026-04-09,XLF,97.3839797465089,Financials
2026-04-09,XLI,115.7944003680092,Industrials
2026-04-09,XLK,107.51902761735961,Technology
2026-04-09,XLP,105.50409867392729,Consumer Staples
2026-04-09,XLRE,104.63048482524225,Real Estate
2026-04-09,XLU,115.7767723156088,Utilities
2026-04-09,XLV,109.15005735589331,Healthcare
2026-04-09,XLY,96.21960325815165,Consumer Discretionary
2026-04-10,XLB,116.43348528311626,Materials
2026-04-10,XLC,99.66542244054757,Communication Services
2026-04-10,XLE,133.1213036966133,Energy
2026-04-10,XLF,96.3215342662979,Financials
2026-04-10,XLI,115.3438421411684,Industrials
2026-04-10,XLK,107.93525927621637,Technology
2026-04-10,XLP,104.13868017833524,Consumer Staples
2026-04-10,XLRE,104.85087192785241,Real Estate
2026-04-10,XLU,115.31022127803423,Utilities
2026-04-10,XLV,107.67356879122454,Healthcare
2026-04-10,XLY,96.34762490869927,Consumer Discretionary
2026-04-13,XLB,116.9488801622178,Materials
2026-04-13,XLC,100.4263691192854,Communication Services
2026-04-13,XLE,133.5187469806617,Energy
2026-04-13,XLF,98.01005629786675,Financials
2026-04-13,XLI,116.15753377875176,Industrials
2026-04-13,XLK,110.19810920459183,Technology
2026-04-13,XLP,103.10197534142505,Consumer Staples
2026-04-13,XLRE,105.34059696457732,Real Estate
2026-04-13,XLU,113.9105870189046,Utilities
2026-04-13,XLV,108.15598562517923,Healthcare
2026-04-13,XLY,97.22668907578377,Consumer Discretionary
2026-04-14,XLB,116.5455321246849,Materials
2026-04-14,XLC,101.9482424057203,Communication Services
2026-04-14,XLE,130.80676360527994,Energy
2026-04-14,XLF,98.2377185176384,Financials
2026-04-14,XLI,116.57448606675351,Industrials
2026-04-14,XLK,111.96146033133432,Technology
2026-04-14,XLP,103.00082819447098,Consumer Staples
2026-04-14,XLRE,106.34453658780197,Real Estate
2026-04-14,XLU,114.1070320417773,Utilities
2026-04-14,XLV,108.78458157083453,Healthcare
2026-04-14,XLY,99.37742279277319,Consumer Discretionary
2026-04-15,XLB,115.13381399331975,Materials
2026-04-15,XLC,102.64795902938589,Communication Services
2026-04-15,XLE,130.36254696424115,Energy
2026-04-15,XLF,98.97762981020594,Financials
2026-04-15,XLI,115.11519420467798,Industrials
2026-04-15,XLK,113.74751857671225,Technology
2026-04-15,XLP,102.48247577601587,Consumer Staples
2026-04-15,XLRE,106.29556691093399,Real Estate
2026-04-15,XLU,113.00205117676121,Utilities
2026-04-15,XLV,108.00979531115573,Healthcare
2026-04-15,XLY,100.86245306106605,Consumer Discretionary
2026-04-16,XLB,115.96292115270882,Materials
2026-04-16,XLC,103.93368314035251,Communication Services
2026-04-16,XLE,132.27965275431026,Energy
2026-04-16,XLF,98.71202025581515,Financials
2026-04-16,XLI,114.54358464993453,Industrials
2026-04-16,XLK,115.0492238073271,Technology
2026-04-16,XLP,102.95025462099395,Consumer Staples
2026-04-16,XLRE,107.2750264070655,Real Estate
2026-04-16,XLU,113.81235979406974,Utilities
2026-04-16,XLV,107.16191389446517,Healthcare
2026-04-16,XLY,100.39304251718933,Consumer Discretionary
2026-04-17,XLB,116.25423092872065,Materials
2026-04-17,XLC,104.16983231582077,Communication Services
2026-04-17,XLE,128.63248968821296,Energy
2026-04-17,XLF,99.47090884701618,Financials
2026-04-17,XLI,116.68207238885866,Industrials
2026-04-17,XLK,116.81257493406957,Technology
2026-04-17,XLP,104.25246343419914,Consumer Staples
2026-04-17,XLRE,108.9156095203007,Real Estate
2026-04-17,XLU,113.3458181832922,Utilities
2026-04-17,XLV,108.76265862489245,Healthcare
2026-04-17,XLY,102.76567738374428,Consumer Discretionary
2026-04-20,XLB,117.03851591946321,Materials
2026-04-20,XLC,103.86370880184718,Communication Services
2026-04-20,XLE,128.74938265816033,Energy
2026-04-20,XLF,99.85035314261668,Financials
2026-04-20,XLI,116.9443365506708,Industrials
2026-04-20,XLK,116.97149007950959,Technology
2026-04-20,XLP,104.16396210876746,Consumer Staples
2026-04-20,XLRE,109.30739520328964,Real Estate
2026-04-20,XLU,112.33906454311095,Utilities
2026-04-20,XLV,107.75396786277602,Healthcare
2026-04-20,XLY,102.30480727104516,Consumer Discretionary
2026-04-21,XLB,116.0077347413077,Materials
2026-04-21,XLC,102.47303321864294,Communication Services
2026-04-21,XLE,130.61972407402317,Energy
2026-04-21,XLF,99.22426932861106,Financials
2026-04-21,XLI,115.29004383687449,Industrials
2026-04-21,XLK,117.06987988581696,Technology
2026-04-21,XLP,103.46860703944904,Consumer Staples
2026-04-21,XLRE,107.20155775774096,Real Estate
2026-04-21,XLU,110.37467087516592,Utilities
2026-04-21,XLV,106.6575741145684,Healthcare
2026-04-21,XLY,101.53669041654665,Consumer Discretionary
2026-04-22,XLB,116.142184087152,Materials
2026-04-22,XLC,103.10276881345627,Communication Services
2026-04-22,XLE,132.18613298868186,Energy
2026-04-22,XLF,99.05352447944428,Financials
2026-04-22,XLI,115.0210420289223,Industrials
2026-04-22,XLK,119.64301033497624,Technology
2026-04-22,XLP,103.80996651965333,Consumer Staples
2026-04-22,XLRE,106.41799581444478,Real Estate
2026-04-22,XLU,110.17822585229322,Utilities
2026-04-22,XLV,106.99380063449956,Healthcare
2026-04-22,XLY,101.50254826501694,Consumer Discretionary
2026-04-23,XLB,116.0973704985531,Materials
2026-04-23,XLC,102.67419187968507,Communication Services
2026-04-23,XLE,133.21481447945754,Energy
2026-04-23,XLF,98.27566585225756,Financials
2026-04-23,XLI,117.05867080539866,Industrials
2026-04-23,XLK,117.94020767070516,Technology
2026-04-23,XLP,105.54203613849447,Consumer Staples
2026-04-23,XLRE,107.64232254027961,Real Estate
2026-04-23,XLU,113.17393939342521,Utilities
2026-04-23,XLV,106.89147861700603,Healthcare
2026-04-23,XLY,100.48692201620723,Consumer Discretionary
2026-04-24,XLB,116.34384952587087,Materials
2026-04-24,XLC,101.05611140444566,Communication Services
2026-04-24,XLE,132.95764635245965,Energy
2026-04-24,XLF,97.5547245956757,Financials
2026-04-24,XLI,115.98269443303788,Industrials
2026-04-24,XLK,121.25500764804428,Technology
2026-04-24,XLP,105.22596830133497,Consumer Staples
2026-04-24,XLRE,107.32400550661518,Real Estate
2026-04-24,XLU,113.39493179570962,Utilities
2026-04-24,XLV,105.38575198953255,Healthcare
2026-04-24,XLY,101.29772145341305,Consumer Discretionary
2026-04-27,XLB,116.03013724558335,Materials
2026-04-27,XLC,101.29226057991391,Communication Services
2026-04-27,XLE,132.7238604125649,Energy
2026-04-27,XLF,98.29464315089102,Financials
2026-04-27,XLI,116.00959358518483,Industrials
2026-04-27,XLK,121.51988549322658,Technology
2026-04-27,XLP,104.10075242638057,Consumer Staples
2026-04-27,XLRE,106.49146446376932,Real Estate
2026-04-27,XLU,113.41947917512132,Utilities
2026-04-27,XLV,104.85948926369373,Healthcare
2026-04-27,XLY,100.57226760844114,Consumer Discretionary
2026-04-28,XLB,115.17862758191866,Materials
2026-04-28,XLC,101.23978149862165,Communication Services
2026-04-28,XLE,134.92149855116676,Energy
2026-04-28,XLF,98.3705232948338,Financials
2026-04-28,XLI,114.98069844394318,Industrials
2026-04-28,XLK,119.46138807090078,Technology
2026-04-28,XLP,105.03631982894923,Consumer Staples
2026-04-28,XLRE,107.51988421408709,Real Estate
2026-04-28,XLU,113.56682001237361,Utilities
2026-04-28,XLV,105.13722845569258,Healthcare
2026-04-28,XLY,99.86390115021796,Consumer Discretionary
2026-04-29,XLB,114.19265999236204,Materials
2026-04-29,XLC,100.83745079584352,Communication Services
2026-04-29,XLE,138.00756098906203,Energy
2026-04-29,XLF,98.50332807202919,Financials
2026-04-29,XLI,114.274593128465,Industrials
2026-04-29,XLK,120.4149483135571,Technology
2026-04-29,XLP,104.83403524765365,Consumer Staples
2026-04-29,XLRE,106.8587511743017,Real Estate
2026-04-29,XLU,112.16718575324398,Utilities
2026-04-29,XLV,104.40629929022083,Healthcare
2026-04-29,XLY,99.71880516170873,Consumer Discretionary
2026-04-30,XLB,115.3354880120862,Materials
2026-04-30,XLC,101.90451429820804,Communication Services
2026-04-30,XLE,139.45707693377335,Energy
2026-04-30,XLF,98.90174966626319,Financials
2026-04-30,XLI,117.40163242365168,Industrials
2026-04-30,XLK,120.7101061708098,Technology
2026-04-30,XLP,106.59137708431452,Consumer Staples
2026-04-30,XLRE,108.7197308128288,Real Estate
2026-04-30,XLU,115.0401152633324,Utilities
2026-04-30,XLV,106.70874632563809,Healthcare
2026-04-30,XLY,101.00753600078815,Consumer Discretionary
2026-05-01,XLB,115.06658074034999,Materials
2026-05-01,XLC,102.08818439238402,Communication Services
2026-05-01,XLE,137.58672653512636,Energy
2026-05-01,XLF,98.50332807202919,Financials
2026-05-01,XLI,116.31221161845873,Industrials
2026-05-01,XLK,122.5037257479533,Technology
2026-05-01,XLP,106.4143841460637,Consumer Staples
2026-05-01,XLRE,108.52383325999347,Real Estate
2026-05-01,XLU,114.30346763785299,Utilities
2026-05-01,XLV,106.10207332592488,Healthcare
2026-05-01,XLY,101.24650496392174,Consumer Discretionary
2026-05-04,XLB,113.49801075886488,Materials
2026-05-04,XLC,101.54590501259524,Communication Services
2026-05-04,XLE,138.84921193136506,Energy
2026-05-04,XLF,97.85828148468565,Financials
2026-05-04,XLI,114.98069844394318,Industrials
2026-05-04,XLK,122.63995689809659,Technology
2026-05-04,XLP,105.61789164240376,Consumer Staples
2026-05-04,XLRE,107.9361594468509,Real Estate
2026-05-04,XLU,113.86147340648716,Utilities
2026-05-04,XLV,105.78775854961285,Healthcare
2026-05-04,XLY,100.46986072703274,Consumer Discretionary
2026-05-05,XLB,115.46992877788291,Materials
2026-05-05,XLC,101.13482333603712,Communication Services
2026-05-05,XLE,138.98948708841556,Energy
2026-05-05,XLF,97.87725152067135,Financials
2026-05-05,XLI,115.94235084805877,Industrials
2026-05-05,XLK,125.34930693572983,Technology
2026-05-05,XLP,106.27530924715501,Consumer Staples
2026-05-05,XLRE,108.15652770409766,Real Estate
2026-05-05,XLU,113.86147340648716,Utilities
2026-05-05,XLV,106.20439534341841,Healthcare
2026-05-05,XLY,100.76856703765455,Consumer Discretionary
2026-05-06,XLB,117.44186395699612,Materials
2026-05-06,XLC,102.63920805560589,Communication Services
2026-05-06,XLE,133.26157885366382,Energy
2026-05-06,XLF,98.3515532588481,Financials
2026-05-06,XLI,118.94161145568543,Industrials
2026-05-06,XLK,128.67924113826948,Technology
2026-05-06,XLP,106.50287575888284,Consumer Staples
2026-05-06,XLRE,109.55226243299296,Real Estate
2026-05-06,XLU,112.24084674507311,Utilities
2026-05-06,XLV,106.27747929810725,Healthcare
2026-05-06,XLY,102.30480727104516,Consumer Discretionary
2026-05-07,XLB,115.17862758191866,Materials
2026-05-07,XLC,102.66544759625202,Communication Services
2026-05-07,XLE,130.80676360527994,Energy
2026-05-07,XLF,97.8013641140808,Financials
2026-05-07,XLI,117.01158957427951,Industrials
2026-05-07,XLK,128.4219361865221,Technology
2026-05-07,XLP,106.17417181281348,Consumer Staples
2026-05-07,XLRE,108.7197308128288,Real Estate
2026-05-07,XLU,110.79209887352603,Utilities
2026-05-07,XLV,105.78045463507313,Healthcare
2026-05-07,XLY,102.3133411778292,Consumer Discretionary
2026-05-08,XLB,115.6043867037748,Materials
2026-05-08,XLC,102.28061215068695,Communication Services
2026-05-08,XLE,130.22228078997477,Energy
2026-05-08,XLF,97.21322763469433,Financials
2026-05-08,XLI,116.47360653134045,Industrials
2026-05-08,XLK,132.83410045009578,Technology
2026-05-08,XLP,106.42702996758611,Consumer Staples
2026-05-08,XLRE,108.74421093992193,Real Estate
2026-05-08,XLU,109.80990203955352,Utilities
2026-05-08,XLV,104.88141220963578,Healthcare
2026-05-08,XLY,102.58644576809893,Consumer Discretionary
2026-05-11,XLB,117.10573201233775,Materials
2026-05-11,XLC,101.09109522852486,Communication Services
2026-05-11,XLE,133.65902213771218,Energy
2026-05-11,XLF,97.09939289348462,Financials
2026-05-11,XLI,117.7109675301003,Industrials
2026-05-11,XLK,134.62014713380435,Technology
2026-05-11,XLP,105.40296123958576,Consumer Staples
2026-05-11,XLRE,109.13598720022917,Real Estate
2026-05-11,XLU,110.84121248594347,Utilities
2026-05-11,XLV,104.55248960424433,Healthcare
2026-05-11,XLY,101.87807930987573,Consumer Discretionary
2026-05-12,XLB,116.83684190069677,Materials
2026-05-12,XLC,101.33599537777312,Communication Services
2026-05-12,XLE,134.5941928456436,Energy
2026-05-12,XLF,97.85828148468565,Financials
2026-05-12,XLI,117.24696487042733,Industrials
2026-05-12,XLK,132.59191816187956,Technology
2026-05-12,XLP,106.75574362626799,Consumer Staples
2026-05-12,XLRE,109.16048617268572,Real Estate
2026-05-12,XLU,110.96398709019005,Utilities
2026-05-12,XLV,106.60641310582162,Healthcare
2026-05-12,XLY,100.95633256008396,Consumer Discretionary
2026-05-13,XLB,116.65757896625355,Materials
2026-05-13,XLC,102.12317490681015,Communication Services
2026-05-13,XLE,134.73446800269411,Energy
2026-05-13,XLF,96.73892589651759,Financials
2026-05-13,XLI,116.75604248564213,Industrials
2026-05-13,XLK,133.8406478234579,Technology
2026-05-13,XLP,107.10973921538213,Consumer Staples
2026-05-13,XLRE,108.25447648051532,Real Estate
2026-05-13,XLU,109.68712743530695,Utilities
2026-05-13,XLV,107.23500905147691,Healthcare
2026-05-13,XLY,101.32332317376516,Consumer Discretionary
2026-05-14,XLB,115.78364963821801,Materials
2026-05-14,XLC,102.42929842078374,Communication Services
2026-05-14,XLE,135.76315847625392,Energy
2026-05-14,XLF,97.30809233991835,Financials
2026-05-14,XLI,117.35455119253251,Industrials
2026-05-14,XLK,135.8461696767473,Technology
2026-05-14,XLP,107.43845287406404,Consumer Staples
2026-05-14,XLRE,107.51988421408709,Real Estate
2026-05-14,XLU,110.25189627091936,Utilities
2026-05-14,XLV,107.1765329258675,Healthcare
2026-05-14,XLY,101.28064711545144,Consumer Discretionary
2026-05-15,XLB,112.71370860802715,Materials
2026-05-15,XLC,101.52841644572912,Communication Services
2026-05-15,XLE,138.96610490131246,Energy
2026-05-15,XLF,96.94761808030353,Financials
2026-05-15,XLI,115.26313439824487,Industrials
2026-05-15,XLK,133.39412459086142,Technology
2026-05-15,XLP,107.00859206842807,Consumer Staples
2026-05-15,XLRE,105.85481155107705,Real Estate
2026-05-15,XLU,107.72272434056491,Utilities
2026-05-15,XLV,106.05821623171781,Healthcare
2026-05-15,XLY,99.45423447822304,Consumer Discretionary
2026-05-18,XLB,112.53445425363154,Materials
2026-05-18,XLC,102.31559597476615,Communication Services
2026-05-18,XLE,141.63134186805618,Energy
2026-05-18,XLF,98.16183837369562,Financials
2026-05-18,XLI,114.82603089071888,Industrials
2026-05-18,XLK,131.95619977177265,Technology
2026-05-18,XLP,108.60158678836052,Consumer Staples
2026-05-18,XLRE,107.12810795377987,Real Estate
2026-05-18,XLU,107.8946125572289,Utilities
2026-05-18,XLV,106.51138380054488,Healthcare
2026-05-18,XLY,99.27500938697125,Consumer Discretionary
2026-05-19,XLB,109.89027234529681,Materials
2026-05-19,XLC,101.32724440399312,Communication Services
2026-05-19,XLE,143.29127054834328,Energy
2026-05-19,XLF,96.94761808030353,Financials
2026-05-19,XLI,113.4743459237138,Industrials
2026-05-19,XLK,131.1085791055199,Technology
2026-05-19,XLP,108.84179912161073,Consumer Staples
2026-05-19,XLRE,107.59334344072992,Real Estate
2026-05-19,XLU,108.87680939120143,Utilities
2026-05-19,XLV,107.68088390808718,Healthcare
2026-05-19,XLY,98.17403754592765,Consumer Discretionary
2026-05-20,XLB,111.41403731823063,Materials
2026-05-20,XLC,101.54590501259524,Communication Services
2026-05-20,XLE,139.80775584361547,Energy
2026-05-20,XLF,98.01005629786675,Financials
2026-05-20,XLI,114.81257617140407,Industrials
2026-05-20,XLK,134.06011143136936,Technology
2026-05-20,XLP,108.12115240924753,Consumer Staples
2026-05-20,XLRE,108.79318061678991,Real Estate
2026-05-20,XLU,109.29424681635855,Utilities
2026-05-20,XLV,107.5420087109263,Healthcare
2026-05-20,XLY,100.65761972506857,Consumer Discretionary
2026-05-21,XLB,112.08628404745214,Materials
2026-05-21,XLC,101.54590501259524,Communication Services
2026-05-21,XLE,138.24135591174092,Energy
2026-05-21,XLF,98.14286107506214,Financials
2026-05-21,XLI,114.67808041066931,Industrials
2026-05-21,XLK,135.16504861103883,Technology
2026-05-21,XLP,107.03388371147287,Consumer Staples
2026-05-21,XLRE,108.96458861985039,Real Estate
2026-05-21,XLU,110.49744547941249,Utilities
2026-05-21,XLV,108.2875457054775,Healthcare
2026-05-21,XLY,101.30624883580353,Consumer Discretionary
2026-05-22,XLB,112.69130610375149,Materials
2026-05-22,XLC,100.98613706594033,Communication Services
2026-05-22,XLE,139.08300685404396,Energy
2026-05-22,XLF,98.54127540664835,Financials
2026-05-22,XLI,115.51196441370752,Industrials
2026-05-22,XLK,136.5197178490208,Technology
2026-05-22,XLP,107.2108863623362,Consumer Staples
2026-05-22,XLRE,109.11150707313604,Real Estate
2026-05-22,XLU,111.35685828234143,Utilities
2026-05-22,XLV,109.55936783051334,Healthcare
2026-05-22,XLY,101.71591550779844,Consumer Discretionary
2026-05-26,XLB,114.2598932453318,Materials
2026-05-26,XLC,101.06485568787873,Communication Services
2026-05-26,XLE,135.24880425668988,Energy
2026-05-26,XLF,98.3705232948338,Financials
2026-05-26,XLI,117.21333835862299,Industrials
2026-05-26,XLK,140.11454145841208,Technology
2026-05-26,XLP,105.73166518565513,Consumer Staples
2026-05-26,XLRE,109.47880320635012,Real Estate
2026-05-26,XLU,111.307763523518,Utilities
2026-05-26,XLV,108.5506882707198,Healthcare
2026-05-26,XLY,101.946350564148,Consumer Discretionary
2026-05-27,XLB,114.68564378714035,Materials
2026-05-27,XLC,101.68585368960589,Communication Services
2026-05-27,XLE,133.23820564934482,Energy
2026-05-27,XLF,97.5547245956757,Financials
2026-05-27,XLI,117.21333835862299,Industrials
2026-05-27,XLK,139.57720131294317,Technology
2026-05-27,XLP,106.9327365645188,Consumer Staples
2026-05-27,XLRE,109.28291507619652,Real Estate
2026-05-27,XLU,110.84121248594347,Utilities
2026-05-27,XLV,108.75534350802982,Healthcare
2026-05-27,XLY,103.73862757424025,Consumer Discretionary
2026-05-28,XLB,115.08899182467324,Materials
2026-05-28,XLC,102.04444959452483,Communication Services
2026-05-28,XLE,133.14468588371642,Energy
2026-05-28,XLF,97.27014500529918,Financials
2026-05-28,XLI,116.87709381354475,Industrials
2026-05-28,XLK,141.408673795592,Technology
2026-05-28,XLP,106.7430978047456,Consumer Staples
2026-05-28,XLRE,108.74421093992193,Real Estate
2026-05-28,XLU,109.58890963726911,Utilities
2026-05-28,XLV,110.28300428376826,Healthcare
2026-05-28,XLY,104.1738894421937,Consumer Discretionary
2026-05-29,XLB,114.6184191142182,Materials
2026-05-29,XLC,101.18730910767633,Communication Services
2026-05-29,XLE,131.60165915616085,Energy
2026-05-29,XLF,97.85828148468565,Financials
2026-05-29,XLI,116.42653558670395,Industrials
2026-05-29,XLK,144.56454706582173,Technology
2026-05-29,XLP,104.8213991387438,Consumer Staples
2026-05-29,XLRE,107.71578176692242,Real Estate
2026-05-29,XLU,109.07324498727714,Utilities
2026-05-29,XLV,109.25237937338687,Healthcare
2026-05-29,XLY,103.15827624217113,Consumer Discretionary
2026-06-01,XLB,114.10302423511665,Materials
2026-06-01,XLC,101.117334769171,Communication Services
2026-06-01,XLE,133.96295463891633,Energy
2026-06-01,XLF,97.57370189430917,Financials
2026-06-01,XLI,115.93562348840136,Industrials
2026-06-01,XLK,148.15178622010873,Technology
2026-06-01,XLP,103.7088290853118,Consumer Staples
2026-06-01,XLRE,105.95276032749472,Real Estate
2026-06-01,XLU,105.831991664449,Utilities
2026-06-01,XLV,108.06095631990249,Healthcare
2026-06-01,XLY,100.87098696785006,Consumer Discretionary
2026-06-02,XLB,115.44752627360725,Materials
2026-06-02,XLC,99.33306607627476,Communication Services
2026-06-02,XLE,135.5059813664719,Energy
2026-06-02,XLF,97.63061200226623,Financials
2026-06-02,XLI,117.13936826183952,Industrials
2026-06-02,XLK,150.00596582139303,Technology
2026-06-02,XLP,103.45597093053918,Consumer Staples
2026-06-02,XLRE,106.49146446376932,Real Estate
2026-06-02,XLU,107.79639475919105,Utilities
2026-06-02,XLV,107.00841966590191,Healthcare
2026-06-02,XLY,100.3589068900532,Consumer Discretionary
2026-06-03,XLB,115.69402246102021,Materials
2026-06-03,XLC,98.02984670809508,Communication Services
2026-06-03,XLE,137.25942082960324,Energy
2026-06-03,XLF,96.51125641409817,Financials
2026-06-03,XLI,117.04521608608387,Industrials
2026-06-03,XLK,148.50748097816347,Technology
2026-06-03,XLP,103.87318591465275,Consumer Staples
2026-06-03,XLRE,106.54042471795557,Real Estate
2026-06-03,XLU,107.32984372161651,Utilities
2026-06-03,XLV,107.84899716805276,Healthcare
2026-06-03,XLY,99.62493218708438,Consumer Discretionary
2026-06-04,XLB,115.67160279664937,Materials
2026-06-04,XLC,98.93072868314971,Communication Services
2026-06-04,XLE,137.35294059523162,Energy
2026-06-04,XLF,99.01557714482512,Financials
2026-06-04,XLI,118.46415407669765,Industrials
2026-06-04,XLK,146.19166704242093,Technology
2026-06-04,XLP,103.72146519422165,Consumer Staples
2026-06-04,XLRE,108.7197308128288,Real Estate
2026-06-04,XLU,107.8946125572289,Utilities
2026-06-04,XLV,111.16011256094063,Healthcare
2026-06-04,XLY,100.07726839299946,Consumer Discretionary
2026-06-05,XLB,113.45318859021837,Materials
2026-06-05,XLC,97.67124411282923,Communication Services
2026-06-05,XLE,134.82797878553836,Energy
2026-06-05,XLF,99.22426932861106,Financials
2026-06-05,XLI,117.13263061569947,Industrials
2026-06-05,XLK,136.45160805478383,Technology
2026-06-05,XLP,105.49146256501744,Consumer Staples
2026-06-05,XLRE,109.4543136565753,Real Estate
2026-06-05,XLU,108.90136619741013,Utilities
2026-06-05,XLV,111.83988071766562,Healthcare
2026-06-05,XLY,98.02894808181199,Consumer Discretionary
2026-06-08,XLB,111.95182612156023,Materials
2026-06-08,XLC,97.16394855711964,Communication Services
2026-06-08,XLE,136.3710144958781,Energy
2026-06-08,XLF,98.59819277725322,Financials
2026-06-08,XLI,116.76278013178218,Industrials
2026-06-08,XLK,139.38800615543278,Technology
2026-06-08,XLP,105.02367400742685,Consumer Staples
2026-06-08,XLRE,107.81372112065839,Real Estate
2026-06-08,XLU,106.86330211083896,Utilities
2026-06-08,XLV,111.57673815242329,Healthcare
2026-06-08,XLY,98.48128428772706,Consumer Discretionary
2026-06-09,XLB,113.76690945055347,Materials
2026-06-09,XLC,97.50506258551937,Communication Services
2026-06-09,XLE,134.17336737449207,Energy
2026-06-09,XLF,99.52782621762103,Financials
2026-06-09,XLI,118.08756594664031,Industrials
2026-06-09,XLK,136.8073143745079,Technology
2026-06-09,XLP,106.32588282063205,Consumer Staples
2026-06-09,XLRE,110.11545611904239,Real Estate
2026-06-09,XLU,107.99283035526676,Utilities
2026-06-09,XLV,112.9801427624032,Healthcare
2026-06-09,XLY,98.89095095972198,Consumer Discretionary
2026-06-10,XLB,111.14513004649442,Materials
2026-06-10,XLC,97.09398090896124,Communication Services
2026-06-10,XLE,136.18398394740544,Energy
2026-06-10,XLF,99.09146455141567,Financials
2026-06-10,XLI,114.09302642309373,Industrials
2026-06-10,XLK,133.6741482229136,Technology
2026-06-10,XLP,108.08323436990544,Consumer Staples
2026-06-10,XLRE,110.16442579591038,Real Estate
2026-06-10,XLU,108.04194396768419,Utilities
2026-06-10,XLV,111.72293966876971,Healthcare
2026-06-10,XLY,96.85969846210257,Consumer Discretionary
2026-06-11,XLB,114.77527954438575,Materials
2026-06-11,XLC,98.0648372225212,Communication Services
2026-06-11,XLE,133.5421291677648,Energy
2026-06-11,XLF,99.831383106631,Financials
2026-06-11,XLI,117.78493762688376,Industrials
2026-06-11,XLK,138.65390952068788,Technology
2026-06-11,XLP,107.80508457208803,Consumer Staples
2026-06-11,XLRE,109.99300837016817,Real Estate
2026-06-11,XLU,108.16471857193075,Utilities
2026-06-11,XLV,112.62928600874677,Healthcare
2026-06-11,XLY,99.25794157340317,Consumer Discretionary
2026-06-12,XLB,116.92647765794216,Materials
2026-06-12,XLC,97.65375554596308,Communication Services
2026-06-12,XLE,134.5474374542215,Energy
2026-06-12,XLF,101.19737821320417,Financials
2026-06-12,XLI,118.47759850952981,Industrials
2026-06-12,XLK,139.85722494499535,Technology
2026-06-12,XLP,108.50043964140646,Consumer Staples
2026-06-12,XLRE,111.07041664271735,Real Estate
2026-06-12,XLU,109.34335100197896,Utilities
2026-06-12,XLV,112.42461956911384,Healthcare
2026-06-12,XLY,99.51397835010482,Consumer Discretionary
2026-06-15,XLB,117.64353797576257,Materials
2026-06-15,XLC,98.12606058724654,Communication Services
2026-06-15,XLE,129.8715928973485,Energy
2026-06-15,XLF,101.61476258077609,Financials
2026-06-15,XLI,120.15879037547307,Industrials
2026-06-15,XLK,145.14727832522283,Technology
2026-06-15,XLP,108.07059826099557,Consumer Staples
2026-06-15,XLRE,110.16442579591038,Real Estate
2026-06-15,XLU,109.85901565197096,Utilities
2026-06-15,XLV,111.75216652925151,Healthcare
2026-06-15,XLY,101.19530152321754,Consumer Discretionary
2026-06-16,XLB,118.13652177054088,Materials
2026-06-16,XLC,98.23976303326414,Communication Services
2026-06-16,XLE,129.42738523909387,Energy
2026-06-16,XLF,103.11356246454466,Financials
2026-06-16,XLI,120.9456034338748,Industrials
2026-06-16,XLK,141.0983817131388,Technology
2026-06-16,XLP,108.20965373467921,Consumer Staples
2026-06-16,XLRE,110.43377315270682,Real Estate
2026-06-16,XLU,110.64477688986776,Utilities
2026-06-16,XLV,111.78871970891883,Healthcare
2026-06-16,XLY,101.10142202419962,Consumer Discretionary
2026-06-17,XLB,116.56794320900816,Materials
2026-06-17,XLC,95.51087756745409,Communication Services
2026-06-17,XLE,127.81421195022891,Energy
2026-06-17,XLF,102.5443960211439,Financials
2026-06-17,XLI,120.77748116133566,Industrials
2026-06-17,XLK,140.6140286983757,Technology
2026-06-17,XLP,105.79488458065455,Consumer Staples
2026-06-17,XLRE,107.66681209005446,Real Estate
2026-06-17,XLU,109.17147221211198,Utilities
2026-06-17,XLV,110.15873691568683,Healthcare
2026-06-17,XLY,98.56662987996094,Consumer Discretionary
2026-06-18,XLB,116.0973704985531,Materials
2026-06-18,XLC,95.72953817605622,Communication Services
2026-06-18,XLE,125.71009357725545,Energy
2026-06-18,XLF,101.63373261676176,Financials
2026-06-18,XLI,121.6584361090104,Industrials
2026-06-18,XLK,144.8824004800405,Technology
2026-06-18,XLP,105.31445991415411,Consumer Staples
2026-06-18,XLRE,107.39745531057629,Real Estate
2026-06-18,XLU,109.90811983759137,Utilities
2026-06-18,XLV,109.20120716231719,Healthcare
2026-06-18,XLY,99.99192280076558,Consumer Discretionary
2026-06-22,XLB,116.1041144159643,Materials
2026-06-22,XLC,93.70736743679696,Communication Services
2026-06-22,XLE,127.29957028157256,Energy
2026-06-22,XLF,102.23725864678134,Financials
2026-06-22,XLI,122.55773185526178,Industrials
2026-06-22,XLK,145.5931194193267,Technology
2026-06-22,XLP,104.61937679798669,Consumer Staples
2026-06-22,XLRE,108.73378003126446,Real Estate
2026-06-22,XLU,110.51109548148168,Utilities
2026-06-22,XLV,110.16736270433036,Healthcare
2026-06-22,XLY,98.29270321610194,Consumer Discretionary
2026-06-23,XLB,114.41720841802199,Materials
2026-06-23,XLC,94.0668999902856,Communication Services
2026-06-23,XLE,128.24147807760517,Energy
2026-06-23,XLF,102.57995394464541,Financials
2026-06-23,XLI,120.09713319842955,Industrials
2026-06-23,XLK,139.56178960767787,Technology
2026-06-23,XLP,106.57987735107142,Consumer Staples
2026-06-23,XLRE,110.26523906756911,Real Estate
2026-06-23,XLU,111.37600410706692,Utilities
2026-06-23,XLV,111.72376864066533,Healthcare
2026-06-23,XLY,97.28360788525158,Consumer Discretionary
2026-06-24,XLB,115.06948079643777,Materials
2026-06-24,XLC,93.42675421565451,Communication Services
2026-06-24,XLE,126.14572267666126,Energy
2026-06-24,XLF,102.27533670906044,Financials
2026-06-24,XLI,121.48585978948097,Industrials
2026-06-24,XLK,138.698005727651,Technology
2026-06-24,XLP,107.49647602135649,Consumer Staples
2026-06-24,XLRE,109.94412349743561,Real Estate
2026-06-24,XLU,112.53746091296455,Utilities
2026-06-24,XLV,112.58274035704044,Healthcare
2026-06-24,XLY,98.40387235806915,Consumer Discretionary
2026-06-25,XLB,116.59894292097597,Materials
2026-06-25,XLC,92.58491455222713,Communication Services
2026-06-25,XLE,127.37021089600937,Energy
2026-06-25,XLF,101.76129376226434,Financials
2026-06-25,XLI,124.12171953781599,Industrials
2026-06-25,XLK,139.84972142157662,Technology
2026-06-25,XLP,106.85995024617102,Consumer Staples
2026-06-25,XLRE,110.14173597834291,Real Estate
2026-06-25,XLU,113.30352014511233,Utilities
2026-06-25,XLV,114.25661385144824,Healthcare
2026-06-25,XLY,96.9329869750269,Consumer Discretionary
2026-06-26,XLB,116.05912922641346,Materials
2026-06-26,XLC,93.11106350557587,Communication Services
2026-06-26,XLE,126.78151515494494,Energy
2026-06-26,XLF,101.98975487329112,Financials
2026-06-26,XLI,122.1532467842398,Industrials
2026-06-26,XLK,137.22805508441752,Technology
2026-06-26,XLP,107.84019566640713,Consumer Staples
2026-06-26,XLRE,111.74730440632865,Real Estate
2026-06-26,XLU,114.16843819749461,Utilities
2026-06-26,XLV,117.7144796745053,Healthcare
2026-06-26,XLY,97.80525924840944,Consumer Discretionary
2026-06-29,XLB,113.94487679780956,Materials
2026-06-29,XLC,94.60181998845513,Communication Services
2026-06-29,XLE,126.16927553666298,Energy
2026-06-29,XLF,102.27533670906044,Financials
2026-06-29,XLI,123.20489562511779,Industrials
2026-06-29,XLK,140.48619132019235,Technology
2026-06-29,XLP,107.40736280133503,Consumer Staples
2026-06-29,XLRE,110.9568639053812,Real Estate
2026-06-29,XLU,113.72362535382304,Utilities
2026-06-29,XLV,118.00814856968742,Healthcare
2026-06-29,XLY,100.15696386040538,Consumer Discretionary
2026-06-30,XLB,114.32724661896789,Materials
2026-06-30,XLC,93.94413212418247,Communication Services
2026-06-30,XLE,125.06252466897092,Energy
2026-06-30,XLF,102.06591099784931,Financials
2026-06-30,XLI,124.87000971866881,Industrials
2026-06-30,XLK,144.3580672126087,Technology
2026-06-30,XLP,105.75239190080781,Consumer Staples
2026-06-30,XLRE,108.75847688003701,Real Estate
2026-06-30,XLU,112.04322337257426,Utilities
2026-06-30,XLV,116.4811039217092,Healthcare
2026-06-30,XLY,100.2937869178732,Consumer Discretionary
2026-07-01,XLB,114.75459304962949,Materials
2026-07-01,XLC,96.2328864270791,Communication Services
2026-07-01,XLE,124.35609157625045,Energy
2026-07-01,XLF,104.29342317131794,Financials
2026-07-01,XLI,123.60938069613978,Industrials
2026-07-01,XLK,140.6453030140116,Technology
2026-07-01,XLP,106.04519803094263,Consumer Staples
2026-07-01,XLRE,109.12899557039732,Real Estate
2026-07-01,XLU,110.63465250987998,Utilities
2026-07-01,XLV,117.12715308646402,Healthcare
2026-07-01,XLY,100.98646873396426,Consumer Discretionary
2026-07-02,XLB,116.98130416208672,Materials
2026-07-02,XLC,96.11011856097595,Communication Services
2026-07-02,XLE,125.32155223228474,Energy
2026-07-02,XLF,105.89266547380099,Financials
2026-07-02,XLI,123.98015696349616,Industrials
2026-07-02,XLK,136.83404495408283,Technology
2026-07-02,XLP,108.19664854649295,Consumer Staples
2026-07-02,XLRE,110.36404530802275,Real Estate
2026-07-02,XLU,113.08111372327656,Utilities
2026-07-02,XLV,120.2106148731001,Healthcare
2026-07-02,XLY,100.15696386040538,Consumer Discretionary
2026-07-06,XLB,116.91383066778425,Materials
2026-07-06,XLC,96.64503855914548,Communication Services
2026-07-06,XLE,125.10962140619017,Energy
2026-07-06,XLF,106.88267330511407,Financials
2026-07-06,XLI,125.09247547908264,Industrials
2026-07-06,XLK,139.0920158579857,Technology
2026-07-06,XLP,107.06363344367185,Consumer Staples
2026-07-06,XLRE,109.400708020304,Real Estate
2026-07-06,XLU,111.94437397913678,Utilities
2026-07-06,XLV,118.90381909592773,Healthcare
2026-07-06,XLY,100.91806046742713,Consumer Discretionary
2026-07-07,XLB,115.85670016345848,Materials
2026-07-07,XLC,97.35533931164893,Communication Services
2026-07-07,XLE,128.66533972979425,Energy
2026-07-07,XLF,106.71132565618204,Financials
2026-07-07,XLI,122.948731347521,Industrials
2026-07-07,XLK,135.765677334619,Technology
2026-07-07,XLP,108.03115534148526,Consumer Staples
2026-07-07,XLRE,110.8827639363818,Real Estate
2026-07-07,XLU,112.93284905991739,Utilities
2026-07-07,XLV,120.72452143676513,Healthcare
2026-07-07,XLY,100.38785562430455,Consumer Discretionary
2026-07-08,XLB,112.82027279918132,Materials
2026-07-08,XLC,95.9873506948728,Communication Services
2026-07-08,XLE,130.92592921961344,Energy
2026-07-08,XLF,104.65516113164543,Financials
2026-07-08,XLI,121.6274223638008,Industrials
2026-07-08,XLK,137.44778461072437,Technology
2026-07-08,XLP,107.43281955879291,Consumer Staples
2026-07-08,XLRE,109.05489560139794,Real Estate
2026-07-08,XLU,112.092648069293,Utilities
2026-07-08,XLV,119.15342925509034,Healthcare
2026-07-08,XLY,98.60056325089653,Consumer Discretionary
2026-07-09,XLB,113.04519016688792,Materials
2026-07-09,XLC,96.90811638099332,Communication Services
2026-07-09,XLE,129.08920138198337,Energy
2026-07-09,XLF,105.74036048733237,Financials
2026-07-09,XLI,122.09257710953129,Industrials
2026-07-09,XLK,140.44073083624397,Technology
2026-07-09,XLP,105.91788510581553,Consumer Staples
2026-07-09,XLRE,109.25249865962353,Real Estate
2026-07-09,XLU,111.5242781972231,Utilities
2026-07-09,XLV,119.05798546386579,Healthcare
2026-07-09,XLY,99.92606557211265,Consumer Discretionary
2026-07-10,XLB,114.46219360757281,Materials
2026-07-10,XLC,97.89903035463924,Communication Services
2026-07-10,XLE,129.70144998304949,Energy
2026-07-10,XLF,106.06401312273302,Financials
2026-07-10,XLI,122.63862475487312,Industrials
2026-07-10,XLK,140.7665386789868,Technology
2026-07-10,XLP,107.08909991374229,Consumer Staples
2026-07-10,XLRE,109.79592355943686,Real Estate
2026-07-10,XLU,112.2162050976913,Utilities
2026-07-10,XLV,118.08155739174076,Healthcare
2026-07-10,XLY,100.25957952240788,Consumer Discretionary
2026-07-13,XLB,113.76494461965379,Materials
2026-07-13,XLC,97.85518182088228,Communication Services
2026-07-13,XLE,133.6103893444059,Energy
2026-07-13,XLF,106.74940371846114,Financials
2026-07-13,XLI,121.5937135601352,Industrials
2026-07-13,XLK,137.35686364282768,Technology
2026-07-13,XLP,107.68742598382208,Consumer Staples
2026-07-13,XLRE,110.41344842824958,Real Estate
2026-07-13,XLU,112.98227375663612,Utilities
2026-07-13,XLV,118.50003136650416,Healthcare
2026-07-13,XLY,99.23338375602161,Consumer Discretionary
2026-07-14,XLB,113.89989160825871,Materials
2026-07-14,XLC,97.73241395477913,Communication Services
2026-07-14,XLE,134.10489161103177,Energy
2026-07-14,XLF,106.95882942967225,Financials
2026-07-14,XLI,121.64764558870363,Industrials
2026-07-14,XLK,139.12989188682977,Technology
2026-07-14,XLP,106.19795800091512,Consumer Staples
2026-07-14,XLRE,109.87002352843625,Real Estate
2026-07-14,XLU,112.90813199815952,Utilities
2026-07-14,XLV,116.20945879337539,Healthcare
2026-07-14,XLY,99.11366113408965,Consumer Discretionary
2026-07-15,XLB,113.58500386145043,Materials
2026-07-15,XLC,99.42486432645468,Communication Services
2026-07-15,XLE,133.045237480559,Energy
2026-07-15,XLF,107.68229808767948,Financials
2026-07-15,XLI,121.38473337848414,Industrials
2026-07-15,XLK,137.5841776242388,Technology
2026-07-15,XLP,106.26161446347868,Consumer Staples
2026-07-15,XLRE,110.06763600934353,Real Estate
2026-07-15,XLU,111.7466846190589,Utilities
2026-07-15,XLV,116.20945879337539,Healthcare
2026-07-15,XLY,100.05434167400932,Consumer Discretionary
2026-07-16,XLB,114.46219360757281,Materials
2026-07-16,XLC,98.78471855182356,Communication Services
2026-07-16,XLE,134.2697256999071,Energy
2026-07-16,XLF,108.04402878535919,Financials
2026-07-16,XLI,121.44540305319265,Industrials
2026-07-16,XLK,134.5078948859268,Technology
2026-07-16,XLP,109.24055042929261,Consumer Staples
2026-07-16,XLRE,112.29071988346027,Real Estate
2026-07-16,XLU,112.36447918784751,Utilities
2026-07-16,XLV,118.78635153785488,Healthcare
2026-07-16,XLY,100.34509474887446,Consumer Discretionary
2026-07-17,XLB,113.65247735575288,Materials
2026-07-17,XLC,97.03088424709647,Communication Services
2026-07-17,XLE,135.8238820970058,Energy
2026-07-17,XLF,107.11113441614086,Financials
2026-07-17,XLI,120.94654979027919,Industrials
2026-07-17,XLK,133.04551713612824,Technology
2026-07-17,XLP,108.45126468413466,Consumer Staples
2026-07-17,XLRE,112.19191364300663,Real Estate
2026-07-17,XLU,111.62311816386357,Utilities
2026-07-17,XLV,118.26509625035848,Healthcare
2026-07-17,XLY,98.72028587282847,Consumer Discretionary
2026-07-20,XLB,112.52787335712466,Materials
2026-07-20,XLC,97.16242315802037,Communication Services
2026-07-20,XLE,136.43612171528778,Energy
2026-07-20,XLF,106.69229025636638,Financials
2026-07-20,XLI,120.07690997352671,Industrials
2026-07-20,XLK,133.13644966569433,Technology
2026-07-20,XLP,108.03115534148526,Consumer Staples
2026-07-20,XLRE,111.72259813487437,Real Estate
2026-07-20,XLU,111.05474829179367,Utilities
2026-07-20,XLV,116.91425293948954,Healthcare
2026-07-20,XLY,98.01049709680797,Consumer Discretionary
2026-07-21,XLB,112.68531723052881,Materials
2026-07-21,XLC,96.48719320410616,Communication Services
2026-07-21,XLE,137.75480340907438,Energy
2026-07-21,XLF,106.8255598430193,Financials
2026-07-21,XLI,120.44094859474303,Industrials
2026-07-21,XLK,136.9780108610322,Technology
2026-07-21,XLP,107.01271021614352,Consumer Staples
2026-07-21,XLRE,111.64849816587501,Real Estate
2026-07-21,XLU,111.00532359507496,Utilities
2026-07-21,XLV,117.64840837396042,Healthcare
2026-07-21,XLY,98.23284190513597,Consumer Discretionary
2026-07-22,XLB,114.30474973416867,Materials
2026-07-22,XLC,95.75935036196115,Communication Services
2026-07-22,XLE,139.40315328061158,Energy
2026-07-22,XLF,106.71132565618204,Financials
2026-07-22,XLI,120.56903587678276,Industrials
2026-07-22,XLK,136.59158518580182,Technology
2026-07-22,XLP,107.4200863237577,Consumer Staples
2026-07-22,XLRE,111.17917323506103,Real Estate
2026-07-22,XLU,113.50121893198725,Utilities
2026-07-22,XLV,117.0463955405793,Healthcare
2026-07-22,XLY,97.505946169186,Consumer Discretionary
2026-07-23,XLB,113.112672241238,Materials
2026-07-23,XLC,92.40952710754625,Communication Services
2026-07-23,XLE,139.8270149328007,Energy
2026-07-23,XLF,106.29248149640758,Financials
2026-07-23,XLI,122.6521103336359,Industrials
2026-07-23,XLK,135.21255551046505,Technology
2026-07-23,XLP,105.93061834085074,Consumer Staples
2026-07-23,XLRE,111.03097329706229,Real Estate
2026-07-23,XLU,114.14372113573674,Utilities
2026-07-23,XLV,118.52205513335245,Healthcare
2026-07-23,XLY,93.00778131798621,Consumer Discretionary
2026-07-24,XLB,115.29439816414437,Materials
2026-07-24,XLC,93.21629597238439,Communication Services
2026-07-24,XLE,140.39215781386343,Energy
2026-07-24,XLF,107.20633320316249,Financials
2026-07-24,XLI,123.13748830426923,Industrials
2026-07-24,XLK,133.26525822410446,Technology
2026-07-24,XLP,107.10182343616496,Consumer Staples
2026-07-24,XLRE,113.50107277231314,Real Estate
2026-07-24,XLU,114.39084461933038,Utilities
2026-07-24,XLV,119.35165435904788,Healthcare
2026-07-24,XLY,93.56364007660943,Consumer Discretionary
2026-07-27,XLB,115.58679760620103,Materials
2026-07-27,XLC,94.40890383482657,Communication Services
2026-07-27,XLE,137.42513523132376,Energy
2026-07-27,XLF,108.29153255884943,Financials
2026-07-27,XLI,123.50151663900289,Industrials
2026-07-27,XLK,132.06808204623047,Technology
2026-07-27,XLP,108.6676811166707,Consumer Staples
2026-07-27,XLRE,113.03174784149918,Real Estate
2026-07-27,XLU,112.88342436319864,Utilities
2026-07-27,XLV,119.96099351161457,Healthcare
2026-07-27,XLY,94.78652021142949,Consumer Discretionary
2026-07-28,XLB,117.72354691960419,Materials
2026-07-28,XLC,96.17150249402752,Communication Services
2026-07-28,XLE,135.564854533692,Energy
2026-07-28,XLF,109.66230648765789,Financials
2026-07-28,XLI,123.02288660099228,Industrials
2026-07-28,XLK,129.63584209996912,Technology
2026-07-28,XLP,110.83186486725627,Consumer Staples
2026-07-28,XLRE,113.6492727103119,Real Estate
2026-07-28,XLU,112.48803621624582,Utilities
2026-07-28,XLV,122.79483393676513,Healthcare
2026-07-28,XLY,96.18899732793462,Consumer Discretionary
2026-07-29,XLB,116.37402555326935,Materials
2026-07-29,XLC,96.03119922862976,Communication Services
2026-07-29,XLE,138.10802444682668,Energy
2026-07-29,XLF,107.91075919870624,Financials
2026-07-29,XLI,119.09267873997993,Industrials
2026-07-29,XLK,126.21102127694013,Technology
2026-07-29,XLP,111.21378421741255,Consumer Staples
2026-07-29,XLRE,113.52576962108569,Real Estate
2026-07-29,XLU,110.98061596011408,Utilities
2026-07-29,XLV,122.04600345927732,Healthcare
2026-07-29,XLY,95.44500115644877,Consumer Discretionary
2026-07-30,XLB,116.14909960551516,Materials
2026-07-30,XLC,93.46183170459067,Communication Services
2026-07-30,XLE,138.8380014167647,Energy
2026-07-30,XLF,108.51999366987619,Financials
2026-07-30,XLI,120.25892928413487,Industrials
2026-07-30,XLK,133.1515954525642,Technology
2026-07-30,XLP,108.80771756422052,Consumer Staples
2026-07-30,XLRE,111.8955043443274,Real Estate
2026-07-30,XLU,110.36282139132547,Utilities
2026-07-30,XLV,120.04909978133065,Healthcare
2026-07-30,XLY,96.11202905703918,Consumer Discretionary
2026-07-31,XLB,113.42755998804628,Materials
2026-07-31,XLC,94.91751069853377,Communication Services
2026-07-31,XLE,140.2273237249881,Energy
2026-07-31,XLF,108.40575948303892,Financials
2026-07-31,XLI,121.23642287154158,Industrials
2026-07-31,XLK,132.86367520033482,Technology
2026-07-31,XLP,108.27303824409174,Consumer Staples
2026-07-31,XLRE,111.32738259574151,Real Estate
2026-07-31,XLU,109.59675273238068,Utilities
2026-07-31,XLV,119.33696811370807,Healthcare
2026-07-31,XLY,99.27613810705812,Consumer Discretionary
2026-08-03,XLB,114.73209616483027,Materials
2026-08-03,XLC,97.63595253279139,Communication Services
2026-08-03,XLE,138.4376926245773,Energy
2026-08-03,XLF,109.24346232788342,Financials
2026-08-03,XLI,123.47455576796,Industrials
2026-08-03,XLK,134.9018934545921,Technology
2026-08-03,XLP,108.03115534148526,Consumer Staples
2026-08-03,XLRE,111.59909504564818,Real Estate
2026-08-03,XLU,109.62146979413856,Utilities
2026-08-03,XLV,119.10938172139376,Healthcare
2026-08-03,XLY,101.08909092036032,Consumer Discretionary
2026-08-04,XLB,116.9588158573351,Materials
2026-08-04,XLC,98.24979855365405,Communication Services
2026-08-04,XLE,137.80190014629363,Energy
2026-08-04,XLF,110.19539209691742,Financials
2026-08-04,XLI,125.6587463493273,Industrials
2026-08-04,XLK,141.6151652104744,Technology
2026-08-04,XLP,108.68041435170595,Consumer Staples
2026-08-04,XLRE,111.57438877419392,Real Estate
2026-08-04,XLU,109.00367522534995,Utilities
2026-08-04,XLV,119.00660040866073,Healthcare
2026-08-04,XLY,101.15750571129101,Consumer Discretionary
2026-08-05,XLB,118.3983076027716,Materials
2026-08-05,XLC,97.22380709107195,Communication Services
2026-08-05,XLE,134.95261491541,Energy
2026-08-05,XLF,110.4238532079442,Financials
2026-08-05,XLI,125.62504783214435,Industrials
2026-08-05,XLK,140.8650441019878,Technology
2026-08-05,XLP,108.62949112417759,Consumer Staples
2026-08-05,XLRE,111.64849816587501,Real Estate
2026-08-05,XLU,107.89164311617102,Utilities
2026-08-05,XLV,120.5189588112991,Healthcare
2026-08-05,XLY,101.45681226612089,Consumer Discretionary
2026-08-06,XLB,117.34117709844583,Materials
2026-08-06,XLC,97.49564926739363,Communication Services
2026-08-06,XLE,136.9541768419154,Energy
2026-08-06,XLF,110.06212251026449,Financials
2026-08-06,XLI,124.55316547988087,Industrials
2026-08-06,XLK,140.42557348770475,Technology
2026-08-06,XLP,108.349418229078,Consumer Staples
2026-08-06,XLRE,110.68516087815625,Real Estate
2026-08-06,XLU,107.19971621570284,Utilities
2026-08-06,XLV,120.73185895827359,Healthcare
2026-08-06,XLY,100.99502221392899,Consumer Discretionary
2026-08-07,XLB,118.89313610778325,Materials
2026-08-07,XLC,97.5570332004452,Communication Services
2026-08-07,XLE,135.4000204448167,Energy
2026-08-07,XLF,109.66230648765789,Financials
2026-08-07,XLI,124.83630091500319,Industrials
2026-08-07,XLK,142.42591571311797,Technology
2026-08-07,XLP,108.36215146411321,Consumer Staples
2026-08-07,XLRE,111.10507326606167,Real Estate
2026-08-07,XLU,107.7680860877727,Utilities
2026-08-07,XLV,121.63486700602238,Healthcare
2026-08-07,XLY,102.50011499243658,Consumer Discretionary
2026-08-10,XLB,119.61288198050151,Materials
2026-08-10,XLC,98.06564675449933,Communication Services
2026-08-10,XLE,141.71083950765,Energy
2026-08-10,XLF,110.06212251026449,Financials
2026-08-10,XLI,124.44531170922663,Industrials
2026-08-10,XLK,141.17570615786073,Technology
2026-08-10,XLP,108.14572531896462,Consumer Staples
2026-08-10,XLRE,109.67242047021067,Real Estate
2026-08-10,XLU,106.58192164691422,Utilities
2026-08-10,XLV,123.66114317464869,Healthcare
2026-08-10,XLY,102.33763149507458,Consumer Discretionary
2026-08-11,XLB,119.74783754915401,Materials
2026-08-11,XLC,97.57456859973983,Communication Services
2026-08-11,XLE,143.47692673084327,Energy
2026-08-11,XLF,110.04307984780104,Financials
2026-08-11,XLI,125.18685395745675,Industrials
2026-08-11,XLK,141.00142555383286,Technology
2026-08-11,XLP,107.81473890894921,Consumer Staples
2026-08-11,XLRE,108.88198939194493,Real Estate
2026-08-11,XLU,107.81751078449145,Utilities
2026-08-11,XLV,123.3454505126183,Healthcare
2026-08-11,XLY,101.969910149314,Consumer Discretionary
2026-08-12,XLB,118.26336061416667,Materials
2026-08-12,XLC,96.69765144737627,Communication Services
2026-08-12,XLE,143.71240143415537,Energy
2026-08-12,XLF,110.27154095882783,Financials
2026-08-12,XLI,125.30820359335641,Industrials
2026-08-12,XLK,143.1002732022471,Technology
2026-08-12,XLP,108.31122823658488,Consumer Staples
2026-08-12,XLRE,109.8947297998905,Real Estate
2026-08-12,XLU,108.33645595984261,Utilities
2026-08-12,XLV,123.66114317464869,Healthcare
2026-08-12,XLY,100.81543828103108,Consumer Discretionary
2026-08-13,XLB,117.65607342530171,Materials
2026-08-13,XLC,98.69702817465658,Communication Services
2026-08-13,XLE,143.78305103137632,Energy
2026-08-13,XLF,110.91885349227685,Financials
2026-08-13,XLI,125.24752363216524,Industrials
2026-08-13,XLK,144.54749360350644,Technology
2026-08-13,XLP,109.4824333318991,Consumer Staples
2026-08-13,XLRE,111.4508856849677,Real Estate
2026-08-13,XLU,108.83069350023288,Utilities
2026-08-13,XLV,123.61709564095212,Healthcare
2026-08-13,XLY,101.29432876875886,Consumer Discretionary
2026-08-14,XLB,118.17339023506499,Materials
2026-08-14,XLC,99.04778968332447,Communication Services
2026-08-14,XLE,145.7846129578817,Energy
2026-08-14,XLF,110.72847044352918,Financials
2026-08-14,XLI,125.73290160279858,Industrials
2026-08-14,XLK,143.97162997570894,Technology
2026-08-14,XLP,109.59700330937847,Consumer Staples
2026-08-14,XLRE,111.82140437532804,Real Estate
2026-08-14,XLU,109.49791276574024,Utilities
2026-08-14,XLV,122.87559148264984,Healthcare
2026-08-14,XLY,101.08053744039557,Consumer Discretionary
2026-08-17,XLB,117.49862955189758,Materials
2026-08-17,XLC,97.17995855731499,Communication Services
2026-08-17,XLE,147.3623222149821,Energy
2026-08-17,XLF,109.62423568802657,Financials
2026-08-17,XLI,125.60482460724151,Industrials
2026-08-17,XLK,144.2065284122244,Technology
2026-08-17,XLP,107.80200567391398,Consumer Staples
2026-08-17,XLRE,110.73456399838307,Real Estate
2026-08-17,XLU,109.17665695046699,Utilities
2026-08-17,XLV,122.64066756882708,Healthcare
2026-08-17,XLY,99.84055034564607,Consumer Discretionary
2026-08-18,XLB,116.46398735232344,Materials
2026-08-18,XLC,96.88180993687791,Communication Services
2026-08-18,XLE,149.95257988255187,Energy
2026-08-18,XLF,110.11923597235923,Financials
2026-08-18,XLI,123.75095355694225,Industrials
2026-08-18,XLK,140.6453030140116,Technology
2026-08-18,XLP,108.94775401177033,Consumer Staples
2026-08-18,XLRE,110.24054221879655,Real Estate
2026-08-18,XLU,108.78126880351415,Utilities
2026-08-18,XLV,124.60819875609405,Healthcare
2026-08-18,XLY,99.50703639535085,Consumer Discretionary
2026-08-19,XLB,118.12840504551414,Materials
2026-08-19,XLC,97.61841713349678,Communication Services
2026-08-19,XLE,149.71710517923978,Energy
2026-08-19,XLF,109.4338453766311,Financials
2026-08-19,XLI,122.65884797977596,Industrials
2026-08-19,XLK,139.145049235369,Technology
2026-08-19,XLP,110.16988233461291,Consumer Staples
2026-08-19,XLRE,111.12977953751593,Real Estate
2026-08-19,XLU,108.78126880351415,Utilities
2026-08-19,XLV,128.97642135073127,Healthcare
2026-08-19,XLY,101.4140513906908,Consumer Discretionary
2026-08-20,XLB,117.90347909775996,Materials
2026-08-20,XLC,97.05719069121186,Communication Services
2026-08-20,XLE,150.1174139714272,Energy
2026-08-20,XLF,108.42480214550237,Financials
2026-08-20,XLI,121.18923877559587,Industrials
2026-08-20,XLK,138.73589331816441,Technology
2026-08-20,XLP,108.61675788914238,Consumer Staples
2026-08-20,XLRE,111.35208886719579,Real Estate
2026-08-20,XLU,108.16347423472554,Utilities
2026-08-20,XLV,126.56105490034413,Healthcare
2026-08-20,XLY,99.7806890346801,Consumer Discretionary
2026-08-21,XLB,120.42259823232145,Materials
2026-08-21,XLC,97.68857211136913,Communication Services
2026-08-21,XLE,149.8583864081134,Energy
2026-08-21,XLF,109.4338453766311,Financials
2026-08-21,XLI,121.51282066052384,Industrials
2026-08-21,XLK,138.89500501198367,Technology
2026-08-21,XLP,109.46970009686387,Consumer Staples
2026-08-21,XLRE,111.35208886719579,Real Estate
2026-08-21,XLU,105.6922959595711,Utilities
2026-08-21,XLV,128.1982183825638,Healthcare
2026-08-21,XLY,100.92660742299829,Consumer Discretionary
2026-08-24,XLB,120.51256861142312,Materials
2026-08-24,XLC,98.49533428586032,Communication Services
2026-08-24,XLE,148.61035431154775,Energy
2026-08-24,XLF,110.84270463036646,Financials
2026-08-24,XLI,120.67015200129691,Industrials
2026-08-24,XLK,136.42488903687826,Technology
2026-08-24,XLP,111.32835419489193,Consumer Staples
2026-08-24,XLRE,111.96961373600848,Real Estate
2026-08-24,XLU,106.80432806875,Utilities
2026-08-24,XLV,128.25695216160022,Healthcare
2026-08-24,XLY,101.16605919125574,Consumer Discretionary
2026-08-25,XLB,120.51256861142312,Materials
2026-08-25,XLC,99.24948357212074,Communication Services
2026-08-25,XLE,146.137833995634,Energy
2026-08-25,XLF,111.01405227929848,Financials
2026-08-25,XLI,120.26566693027493,Industrials
2026-08-25,XLK,137.705413289214,Technology
2026-08-25,XLP,110.14441586454247,Consumer Staples
2026-08-25,XLRE,112.04371370500787,Real Estate
2026-08-25,XLU,107.0267344905858,Utilities
2026-08-25,XLV,128.69010117938055,Healthcare
2026-08-25,XLY,100.86674611203233,Consumer Discretionary
2026-08-26,XLB,120.71498909433049,Materials
2026-08-26,XLC,98.74964106288738,Communication Services
2026-08-26,XLE,147.00910117722978,Energy
2026-08-26,XLF,110.91885349227685,Financials
2026-08-26,XLI,121.57349033523235,Industrials
2026-08-26,XLK,138.53888247216238,Technology
2026-08-26,XLP,109.82615297694973,Consumer Staples
2026-08-26,XLRE,111.37678571596834,Real Estate
2026-08-26,XLU,107.52096260417908,Utilities
2026-08-26,XLV,127.40532916905649,Healthcare
2026-08-26,XLY,100.19117125587074,Consumer Discretionary
2026-08-27,XLB,119.7253406643548,Materials
2026-08-27,XLC,97.6973431561899,Communication Services
2026-08-27,XLE,146.6794329994792,Energy
2026-08-27,XLF,110.19539209691742,Financials
2026-08-27,XLI,120.53532707311714,Industrials
2026-08-27,XLK,142.91084681134942,Technology
2026-08-27,XLP,108.31122823658488,Consumer Staples
2026-08-27,XLRE,110.31464218779594,Real Estate
2026-08-27,XLU,106.70547867531255,Utilities
2026-08-27,XLV,125.96639079079436,Healthcare
2026-08-27,XLY,99.0965541741602,Consumer Discretionary
2026-08-28,XLB,119.61288198050151,Materials
2026-08-28,XLC,99.08286717226065,Communication Services
2026-08-28,XLE,147.59779691829422,Energy
2026-08-28,XLF,110.6142362566919,Financials
2026-08-28,XLI,119.41626062490793,Industrials
2026-08-28,XLK,140.69834795306423,Technology
2026-08-28,XLP,108.78225109415007,Consumer Staples
2026-08-28,XLRE,109.87002352843625,Real Estate
2026-08-28,XLU,105.59344656613365,Utilities
2026-08-28,XLV,125.65804685259536,Healthcare
2026-08-28,XLY,100.23392560690725,Consumer Discretionary
2026-08-31,XLB,118.51076628662489,Materials
2026-08-31,XLC,97.74118499959992,Communication Services
2026-08-31,XLE,150.6119162380531,Energy
2026-08-31,XLF,109.87173219886901,Financials
2026-08-31,XLI,118.06125312400478,Industrials
2026-08-31,XLK,141.3120876097058,Technology
2026-08-31,XLP,108.18392502407028,Consumer Staples
2026-08-31,XLRE,108.9560893609443,Real Estate
2026-08-31,XLU,104.35785742855643,Utilities
2026-08-31,XLV,125.20286286564382,Healthcare
2026-08-31,XLY,99.70372076378466,Consumer Discretionary
2026-09-01,XLB,117.11625973073923,Materials
2026-09-01,XLC,97.23257144554579,Communication Services
2026-09-01,XLE,152.51928469012,Energy
2026-09-01,XLF,108.90076703001937,Financials
2026-09-01,XLI,116.44332312639946,Industrials
2026-09-01,XLK,139.145049235369,Technology
2026-09-01,XLP,108.5276446691209,Consumer Staples
2026-09-01,XLRE,108.78318315149129,Real Estate
2026-09-01,XLU,105.17335078421996,Utilities
2026-09-01,XLV,126.03246209133927,Healthcare
2026-09-01,XLY,97.99339013687852,Consumer Discretionary
2026-09-02,XLB,119.09556517073823,Materials
2026-09-02,XLC,98.5830246630273,Communication Services
2026-09-02,XLE,153.29636738006144,Energy
2026-09-02,XLF,109.77654067449518,Financials
2026-09-02,XLI,116.4770319300651,Industrials
2026-09-02,XLK,139.1147460999599,Technology
2026-09-02,XLP,108.88409754920676,Consumer Staples
2026-09-02,XLRE,108.0174489219981,Real Estate
2026-09-02,XLU,105.44517247597747,Utilities
2026-09-02,XLV,126.97218015127616,Healthcare
2026-09-02,XLY,98.22428842517124,Consumer Discretionary
2026-09-03,XLB,118.35332241322077,Materials
2026-09-03,XLC,99.42486432645468,Communication Services
2026-09-03,XLE,152.16608161793596,Energy
2026-09-03,XLF,111.49001716381548,Financials
2026-09-03,XLI,117.67699127788562,Industrials
2026-09-03,XLK,140.91050458593614,Technology
2026-09-03,XLP,108.54037790415614,Consumer Staples
2026-09-03,XLRE,109.30190177985035,Real Estate
2026-09-03,XLU,106.33479816332058,Utilities
2026-09-03,XLV,127.19976654359048,Healthcare
2026-09-03,XLY,99.59255162181744,Consumer Discretionary
2026-09-04,XLB,117.94846428731078,Materials
2026-09-04,XLC,98.24102750883327,Communication Services
2026-09-04,XLE,150.84739094136523,Energy
2026-09-04,XLF,110.6142362566919,Financials
2026-09-04,XLI,118.15563160237889,Industrials
2026-09-04,XLK,141.90309702437315,Technology
2026-09-04,XLP,107.6747024613994,Consumer Staples
2026-09-04,XLRE,108.51147070158463,Real Estate
2026-09-04,XLU,106.4583646185159,Utilities
2026-09-04,XLV,125.87094699956982,Healthcare
2026-09-04,XLY,98.26704930060131,Consumer Discretionary
2026-09-08,XLB,116.82386028868257,Materials
2026-09-08,XLC,97.79379788783072,Communication Services
2026-09-08,XLE,152.51928469012,Energy
2026-09-08,XLF,109.09115007876704,Financials
2026-09-08,XLI,117.58261279951152,Industrials
2026-09-08,XLK,142.35014053209113,Technology
2026-09-08,XLP,106.96178698861516,Consumer Staples
2026-09-08,XLRE,108.43737073258524,Real Estate
2026-09-08,XLU,107.37269794081989,Utilities
2026-09-08,XLV,122.6994013478635,Healthcare
2026-09-08,XLY,97.48029225368539,Consumer Discretionary
2026-09-09,XLB,116.17159649031437,Materials
2026-09-09,XLC,97.29395537859736,Communication Services
2026-09-09,XLE,153.87329567390913,Energy
2026-09-09,XLF,109.01499395420886,Financials
2026-09-09,XLI,116.15345004513709,Industrials
2026-09-09,XLK,142.38045522916963,Technology
2026-09-09,XLP,105.77784865826571,Consumer Staples
2026-09-09,XLRE,107.43697403768506,Real Estate
2026-09-09,XLU,106.00119324396542,Utilities
2026-09-09,XLV,122.45719592414683,Healthcare
2026-09-09,XLY,96.36430125865338,Consumer Discretionary
